sample_id_nwd_id	merge_id	hgsc_xfer_subdir	batch	merge_path	current_cram_name	new_cram_name	json_path	cram_path
NWD103758	TMSOLW.NWD103758-1_2AMP-FLOWCELL-HCVHCCCXY-HCVHGCCXY-HCWHTCCXY-HFCNHCCXY	TMSOL	TMSOL_batch19a	/stornext/snfs0/next-gen/HgVMerge/TMSOLW.NWD103758-1_2AMP-FLOWCELL-HCVHCCCXY-HCVHGCCXY-HCWHTCCXY-HFCNHCCXY	TMSOLW.NWD103758-1_2AMP-FLOWCELL-HCVHCCCXY-HCVHGCCXY-HCWHTCCXY-HFCNHCCXY.hgv.cram	NWD103758.hgv.cram	/stornext/snfs0/next-gen/HgVMerge/TMSOLW.NWD103758-1_2AMP-FLOWCELL-HCVHCCCXY-HCVHGCCXY-HCWHTCCXY-HFCNHCCXY/MEDefn.json	/stornext/snfs0/next-gen/HgVMerge/TMSOLW.NWD103758-1_2AMP-FLOWCELL-HCVHCCCXY-HCVHGCCXY-HCWHTCCXY-HFCNHCCXY/TMSOLW.NWD103758-1_2AMP-FLOWCELL-HCVHCCCXY-HCVHGCCXY-HCWHTCCXY-HFCNHCCXY.hgv.cram
NWD106471	TMSOLW.NWD106471-1_2AMP-FLOWCELL-HCW7GCCXY-HF5LNCCXY-HC7V7CCXY-HFC7JCCXY	TMSOL	TMSOL_batch19a	/stornext/snfs0/next-gen/HgVMerge/TMSOLW.NWD106471-1_2AMP-FLOWCELL-HCW7GCCXY-HF5LNCCXY-HC7V7CCXY-HFC7JCCXY	TMSOLW.NWD106471-1_2AMP-FLOWCELL-HCW7GCCXY-HF5LNCCXY-HC7V7CCXY-HFC7JCCXY.hgv.cram	NWD106471.hgv.cram	/stornext/snfs0/next-gen/HgVMerge/TMSOLW.NWD106471-1_2AMP-FLOWCELL-HCW7GCCXY-HF5LNCCXY-HC7V7CCXY-HFC7JCCXY/MEDefn.json	/stornext/snfs0/next-gen/HgVMerge/TMSOLW.NWD106471-1_2AMP-FLOWCELL-HCW7GCCXY-HF5LNCCXY-HC7V7CCXY-HFC7JCCXY/TMSOLW.NWD106471-1_2AMP-FLOWCELL-HCW7GCCXY-HF5LNCCXY-HC7V7CCXY-HFC7JCCXY.hgv.cram
NWD118806	TMSOLW.NWD118806-1_2AMP-FLOWCELL-HCVGTCCXY-HCVJCCCXY-HCWJHCCXY-HCWHTCCXY-HFCNHCCXY	TMSOL	TMSOL_batch19a	/stornext/snfs0/next-gen/HgVMerge/TMSOLW.NWD118806-1_2AMP-FLOWCELL-HCVGTCCXY-HCVJCCCXY-HCWJHCCXY-HCWHTCCXY-HFCNHCCXY	TMSOLW.NWD118806-1_2AMP-FLOWCELL-HCVGTCCXY-HCVJCCCXY-HCWJHCCXY-HCWHTCCXY-HFCNHCCXY.hgv.cram	NWD118806.hgv.cram	/stornext/snfs0/next-gen/HgVMerge/TMSOLW.NWD118806-1_2AMP-FLOWCELL-HCVGTCCXY-HCVJCCCXY-HCWJHCCXY-HCWHTCCXY-HFCNHCCXY/MEDefn.json	/stornext/snfs0/next-gen/HgVMerge/TMSOLW.NWD118806-1_2AMP-FLOWCELL-HCVGTCCXY-HCVJCCCXY-HCWJHCCXY-HCWHTCCXY-HFCNHCCXY/TMSOLW.NWD118806-1_2AMP-FLOWCELL-HCVGTCCXY-HCVJCCCXY-HCWJHCCXY-HCWHTCCXY-HFCNHCCXY.hgv.cram
NWD118927	TMSOLW.NWD118927-1_2AMP-FLOWCELL-HCVCCCCXY-HF72VCCXY-HC7V7CCXY-HFC7JCCXY	TMSOL	TMSOL_batch19a	/stornext/snfs0/next-gen/HgVMerge/TMSOLW.NWD118927-1_2AMP-FLOWCELL-HCVCCCCXY-HF72VCCXY-HC7V7CCXY-HFC7JCCXY	TMSOLW.NWD118927-1_2AMP-FLOWCELL-HCVCCCCXY-HF72VCCXY-HC7V7CCXY-HFC7JCCXY.hgv.cram	NWD118927.hgv.cram	/stornext/snfs0/next-gen/HgVMerge/TMSOLW.NWD118927-1_2AMP-FLOWCELL-HCVCCCCXY-HF72VCCXY-HC7V7CCXY-HFC7JCCXY/MEDefn.json	/stornext/snfs0/next-gen/HgVMerge/TMSOLW.NWD118927-1_2AMP-FLOWCELL-HCVCCCCXY-HF72VCCXY-HC7V7CCXY-HFC7JCCXY/TMSOLW.NWD118927-1_2AMP-FLOWCELL-HCVCCCCXY-HF72VCCXY-HC7V7CCXY-HFC7JCCXY.hgv.cram
NWD144015	TMSOLW.NWD144015-1_2AMP-FLOWCELL-HF5YLCCXY-HC7V7CCXY-HCWFTCCXY-HF5WLCCXY	TMSOL	TMSOL_batch19a	/stornext/snfs0/next-gen/HgVMerge/TMSOLW.NWD144015-1_2AMP-FLOWCELL-HF5YLCCXY-HC7V7CCXY-HCWFTCCXY-HF5WLCCXY	TMSOLW.NWD144015-1_2AMP-FLOWCELL-HF5YLCCXY-HC7V7CCXY-HCWFTCCXY-HF5WLCCXY.hgv.cram	NWD144015.hgv.cram	/stornext/snfs0/next-gen/HgVMerge/TMSOLW.NWD144015-1_2AMP-FLOWCELL-HF5YLCCXY-HC7V7CCXY-HCWFTCCXY-HF5WLCCXY/MEDefn.json	/stornext/snfs0/next-gen/HgVMerge/TMSOLW.NWD144015-1_2AMP-FLOWCELL-HF5YLCCXY-HC7V7CCXY-HCWFTCCXY-HF5WLCCXY/TMSOLW.NWD144015-1_2AMP-FLOWCELL-HF5YLCCXY-HC7V7CCXY-HCWFTCCXY-HF5WLCCXY.hgv.cram
NWD145805	TMSOLW.NWD145805-1_2AMP-FLOWCELL-HCVCCCCXY-HF72VCCXY-HC7V7CCXY-HFC7JCCXY	TMSOL	TMSOL_batch19a	/stornext/snfs0/next-gen/HgVMerge/TMSOLW.NWD145805-1_2AMP-FLOWCELL-HCVCCCCXY-HF72VCCXY-HC7V7CCXY-HFC7JCCXY	TMSOLW.NWD145805-1_2AMP-FLOWCELL-HCVCCCCXY-HF72VCCXY-HC7V7CCXY-HFC7JCCXY.hgv.cram	NWD145805.hgv.cram	/stornext/snfs0/next-gen/HgVMerge/TMSOLW.NWD145805-1_2AMP-FLOWCELL-HCVCCCCXY-HF72VCCXY-HC7V7CCXY-HFC7JCCXY/MEDefn.json	/stornext/snfs0/next-gen/HgVMerge/TMSOLW.NWD145805-1_2AMP-FLOWCELL-HCVCCCCXY-HF72VCCXY-HC7V7CCXY-HFC7JCCXY/TMSOLW.NWD145805-1_2AMP-FLOWCELL-HCVCCCCXY-HF72VCCXY-HC7V7CCXY-HFC7JCCXY.hgv.cram
NWD149570	TMSOLW.NWD149570-1_2AMP-FLOWCELL-HF5YLCCXY-HC7V7CCXY-HCWFTCCXY-HF5WLCCXY	TMSOL	TMSOL_batch19a	/stornext/snfs0/next-gen/HgVMerge/TMSOLW.NWD149570-1_2AMP-FLOWCELL-HF5YLCCXY-HC7V7CCXY-HCWFTCCXY-HF5WLCCXY	TMSOLW.NWD149570-1_2AMP-FLOWCELL-HF5YLCCXY-HC7V7CCXY-HCWFTCCXY-HF5WLCCXY.hgv.cram	NWD149570.hgv.cram	/stornext/snfs0/next-gen/HgVMerge/TMSOLW.NWD149570-1_2AMP-FLOWCELL-HF5YLCCXY-HC7V7CCXY-HCWFTCCXY-HF5WLCCXY/MEDefn.json	/stornext/snfs0/next-gen/HgVMerge/TMSOLW.NWD149570-1_2AMP-FLOWCELL-HF5YLCCXY-HC7V7CCXY-HCWFTCCXY-HF5WLCCXY/TMSOLW.NWD149570-1_2AMP-FLOWCELL-HF5YLCCXY-HC7V7CCXY-HCWFTCCXY-HF5WLCCXY.hgv.cram
NWD150863	TMSOLW.NWD150863-1_2AMP-FLOWCELL-HCW7GCCXY-HF5LNCCXY-HC7V7CCXY-HFC7JCCXY	TMSOL	TMSOL_batch19a	/stornext/snfs0/next-gen/HgVMerge/TMSOLW.NWD150863-1_2AMP-FLOWCELL-HCW7GCCXY-HF5LNCCXY-HC7V7CCXY-HFC7JCCXY	TMSOLW.NWD150863-1_2AMP-FLOWCELL-HCW7GCCXY-HF5LNCCXY-HC7V7CCXY-HFC7JCCXY.hgv.cram	NWD150863.hgv.cram	/stornext/snfs0/next-gen/HgVMerge/TMSOLW.NWD150863-1_2AMP-FLOWCELL-HCW7GCCXY-HF5LNCCXY-HC7V7CCXY-HFC7JCCXY/MEDefn.json	/stornext/snfs0/next-gen/HgVMerge/TMSOLW.NWD150863-1_2AMP-FLOWCELL-HCW7GCCXY-HF5LNCCXY-HC7V7CCXY-HFC7JCCXY/TMSOLW.NWD150863-1_2AMP-FLOWCELL-HCW7GCCXY-HF5LNCCXY-HC7V7CCXY-HFC7JCCXY.hgv.cram
NWD182362	TMSOLW.NWD182362-1_2AMP-FLOWCELL-HCVHCCCXY-HCVHGCCXY-HCWHTCCXY-HFCNHCCXY	TMSOL	TMSOL_batch19a	/stornext/snfs0/next-gen/HgVMerge/TMSOLW.NWD182362-1_2AMP-FLOWCELL-HCVHCCCXY-HCVHGCCXY-HCWHTCCXY-HFCNHCCXY	TMSOLW.NWD182362-1_2AMP-FLOWCELL-HCVHCCCXY-HCVHGCCXY-HCWHTCCXY-HFCNHCCXY.hgv.cram	NWD182362.hgv.cram	/stornext/snfs0/next-gen/HgVMerge/TMSOLW.NWD182362-1_2AMP-FLOWCELL-HCVHCCCXY-HCVHGCCXY-HCWHTCCXY-HFCNHCCXY/MEDefn.json	/stornext/snfs0/next-gen/HgVMerge/TMSOLW.NWD182362-1_2AMP-FLOWCELL-HCVHCCCXY-HCVHGCCXY-HCWHTCCXY-HFCNHCCXY/TMSOLW.NWD182362-1_2AMP-FLOWCELL-HCVHCCCXY-HCVHGCCXY-HCWHTCCXY-HFCNHCCXY.hgv.cram
NWD188197	TMSOLW.NWD188197-1_2AMP-FLOWCELL-HCW7GCCXY-HF5LNCCXY-HC7V7CCXY-HFC7JCCXY	TMSOL	TMSOL_batch19a	/stornext/snfs0/next-gen/HgVMerge/TMSOLW.NWD188197-1_2AMP-FLOWCELL-HCW7GCCXY-HF5LNCCXY-HC7V7CCXY-HFC7JCCXY	TMSOLW.NWD188197-1_2AMP-FLOWCELL-HCW7GCCXY-HF5LNCCXY-HC7V7CCXY-HFC7JCCXY.hgv.cram	NWD188197.hgv.cram	/stornext/snfs0/next-gen/HgVMerge/TMSOLW.NWD188197-1_2AMP-FLOWCELL-HCW7GCCXY-HF5LNCCXY-HC7V7CCXY-HFC7JCCXY/MEDefn.json	/stornext/snfs0/next-gen/HgVMerge/TMSOLW.NWD188197-1_2AMP-FLOWCELL-HCW7GCCXY-HF5LNCCXY-HC7V7CCXY-HFC7JCCXY/TMSOLW.NWD188197-1_2AMP-FLOWCELL-HCW7GCCXY-HF5LNCCXY-HC7V7CCXY-HFC7JCCXY.hgv.cram
NWD208281	TMSOLW.NWD208281-1_2AMP-FLOWCELL-HCW7GCCXY-HF5LNCCXY-HC7V7CCXY-HFC7JCCXY	TMSOL	TMSOL_batch19a	/stornext/snfs0/next-gen/HgVMerge/TMSOLW.NWD208281-1_2AMP-FLOWCELL-HCW7GCCXY-HF5LNCCXY-HC7V7CCXY-HFC7JCCXY	TMSOLW.NWD208281-1_2AMP-FLOWCELL-HCW7GCCXY-HF5LNCCXY-HC7V7CCXY-HFC7JCCXY.hgv.cram	NWD208281.hgv.cram	/stornext/snfs0/next-gen/HgVMerge/TMSOLW.NWD208281-1_2AMP-FLOWCELL-HCW7GCCXY-HF5LNCCXY-HC7V7CCXY-HFC7JCCXY/MEDefn.json	/stornext/snfs0/next-gen/HgVMerge/TMSOLW.NWD208281-1_2AMP-FLOWCELL-HCW7GCCXY-HF5LNCCXY-HC7V7CCXY-HFC7JCCXY/TMSOLW.NWD208281-1_2AMP-FLOWCELL-HCW7GCCXY-HF5LNCCXY-HC7V7CCXY-HFC7JCCXY.hgv.cram
NWD213255	TMSOLW.NWD213255-1_2AMP-FLOWCELL-HCW3LCCXY-HCWHTCCXY-HFCNHCCXY-HCV77CCXY	TMSOL	TMSOL_batch19a	/stornext/snfs0/next-gen/HgVMerge/TMSOLW.NWD213255-1_2AMP-FLOWCELL-HCW3LCCXY-HCWHTCCXY-HFCNHCCXY-HCV77CCXY	TMSOLW.NWD213255-1_2AMP-FLOWCELL-HCW3LCCXY-HCWHTCCXY-HFCNHCCXY-HCV77CCXY.hgv.cram	NWD213255.hgv.cram	/stornext/snfs0/next-gen/HgVMerge/TMSOLW.NWD213255-1_2AMP-FLOWCELL-HCW3LCCXY-HCWHTCCXY-HFCNHCCXY-HCV77CCXY/MEDefn.json	/stornext/snfs0/next-gen/HgVMerge/TMSOLW.NWD213255-1_2AMP-FLOWCELL-HCW3LCCXY-HCWHTCCXY-HFCNHCCXY-HCV77CCXY/TMSOLW.NWD213255-1_2AMP-FLOWCELL-HCW3LCCXY-HCWHTCCXY-HFCNHCCXY-HCV77CCXY.hgv.cram
NWD222253	TMSOLW.NWD222253-1_2AMP-FLOWCELL-HF72FCCXY-HFC22CCXY-HC7V7CCXY-HCW33CCXY	TMSOL	TMSOL_batch19a	/stornext/snfs0/next-gen/HgVMerge/TMSOLW.NWD222253-1_2AMP-FLOWCELL-HF72FCCXY-HFC22CCXY-HC7V7CCXY-HCW33CCXY	TMSOLW.NWD222253-1_2AMP-FLOWCELL-HF72FCCXY-HFC22CCXY-HC7V7CCXY-HCW33CCXY.hgv.cram	NWD222253.hgv.cram	/stornext/snfs0/next-gen/HgVMerge/TMSOLW.NWD222253-1_2AMP-FLOWCELL-HF72FCCXY-HFC22CCXY-HC7V7CCXY-HCW33CCXY/MEDefn.json	/stornext/snfs0/next-gen/HgVMerge/TMSOLW.NWD222253-1_2AMP-FLOWCELL-HF72FCCXY-HFC22CCXY-HC7V7CCXY-HCW33CCXY/TMSOLW.NWD222253-1_2AMP-FLOWCELL-HF72FCCXY-HFC22CCXY-HC7V7CCXY-HCW33CCXY.hgv.cram
NWD232014	TMSOLW.NWD232014-1_2AMP-FLOWCELL-HF72FCCXY-HFC22CCXY-HC7V7CCXY-HCW33CCXY	TMSOL	TMSOL_batch19a	/stornext/snfs0/next-gen/HgVMerge/TMSOLW.NWD232014-1_2AMP-FLOWCELL-HF72FCCXY-HFC22CCXY-HC7V7CCXY-HCW33CCXY	TMSOLW.NWD232014-1_2AMP-FLOWCELL-HF72FCCXY-HFC22CCXY-HC7V7CCXY-HCW33CCXY.hgv.cram	NWD232014.hgv.cram	/stornext/snfs0/next-gen/HgVMerge/TMSOLW.NWD232014-1_2AMP-FLOWCELL-HF72FCCXY-HFC22CCXY-HC7V7CCXY-HCW33CCXY/MEDefn.json	/stornext/snfs0/next-gen/HgVMerge/TMSOLW.NWD232014-1_2AMP-FLOWCELL-HF72FCCXY-HFC22CCXY-HC7V7CCXY-HCW33CCXY/TMSOLW.NWD232014-1_2AMP-FLOWCELL-HF72FCCXY-HFC22CCXY-HC7V7CCXY-HCW33CCXY.hgv.cram
NWD243140	TMSOLW.NWD243140-1_2AMP-FLOWCELL-HCVCCCCXY-HC7V7CCXY-HF72VCCXY-HFC7JCCXY	TMSOL	TMSOL_batch19a	/stornext/snfs0/next-gen/HgVMerge/TMSOLW.NWD243140-1_2AMP-FLOWCELL-HCVCCCCXY-HC7V7CCXY-HF72VCCXY-HFC7JCCXY	TMSOLW.NWD243140-1_2AMP-FLOWCELL-HCVCCCCXY-HC7V7CCXY-HF72VCCXY-HFC7JCCXY.hgv.cram	NWD243140.hgv.cram	/stornext/snfs0/next-gen/HgVMerge/TMSOLW.NWD243140-1_2AMP-FLOWCELL-HCVCCCCXY-HC7V7CCXY-HF72VCCXY-HFC7JCCXY/MEDefn.json	/stornext/snfs0/next-gen/HgVMerge/TMSOLW.NWD243140-1_2AMP-FLOWCELL-HCVCCCCXY-HC7V7CCXY-HF72VCCXY-HFC7JCCXY/TMSOLW.NWD243140-1_2AMP-FLOWCELL-HCVCCCCXY-HC7V7CCXY-HF72VCCXY-HFC7JCCXY.hgv.cram
NWD249826	TMSOLW.NWD249826-1_2AMP-FLOWCELL-HCVGTCCXY-HCVJCCCXY-HCWJHCCXY-HCWHTCCXY-HFCNHCCXY	TMSOL	TMSOL_batch19a	/stornext/snfs0/next-gen/HgVMerge/TMSOLW.NWD249826-1_2AMP-FLOWCELL-HCVGTCCXY-HCVJCCCXY-HCWJHCCXY-HCWHTCCXY-HFCNHCCXY	TMSOLW.NWD249826-1_2AMP-FLOWCELL-HCVGTCCXY-HCVJCCCXY-HCWJHCCXY-HCWHTCCXY-HFCNHCCXY.hgv.cram	NWD249826.hgv.cram	/stornext/snfs0/next-gen/HgVMerge/TMSOLW.NWD249826-1_2AMP-FLOWCELL-HCVGTCCXY-HCVJCCCXY-HCWJHCCXY-HCWHTCCXY-HFCNHCCXY/MEDefn.json	/stornext/snfs0/next-gen/HgVMerge/TMSOLW.NWD249826-1_2AMP-FLOWCELL-HCVGTCCXY-HCVJCCCXY-HCWJHCCXY-HCWHTCCXY-HFCNHCCXY/TMSOLW.NWD249826-1_2AMP-FLOWCELL-HCVGTCCXY-HCVJCCCXY-HCWJHCCXY-HCWHTCCXY-HFCNHCCXY.hgv.cram
NWD278973	TMSOLW.NWD278973-1_2AMP-FLOWCELL-HCW3LCCXY-HCWHTCCXY-HFCNHCCXY-HCV77CCXY	TMSOL	TMSOL_batch19a	/stornext/snfs0/next-gen/HgVMerge/TMSOLW.NWD278973-1_2AMP-FLOWCELL-HCW3LCCXY-HCWHTCCXY-HFCNHCCXY-HCV77CCXY	TMSOLW.NWD278973-1_2AMP-FLOWCELL-HCW3LCCXY-HCWHTCCXY-HFCNHCCXY-HCV77CCXY.hgv.cram	NWD278973.hgv.cram	/stornext/snfs0/next-gen/HgVMerge/TMSOLW.NWD278973-1_2AMP-FLOWCELL-HCW3LCCXY-HCWHTCCXY-HFCNHCCXY-HCV77CCXY/MEDefn.json	/stornext/snfs0/next-gen/HgVMerge/TMSOLW.NWD278973-1_2AMP-FLOWCELL-HCW3LCCXY-HCWHTCCXY-HFCNHCCXY-HCV77CCXY/TMSOLW.NWD278973-1_2AMP-FLOWCELL-HCW3LCCXY-HCWHTCCXY-HFCNHCCXY-HCV77CCXY.hgv.cram
NWD279557	TMSOLW.NWD279557-1_2AMP-FLOWCELL-HF5YLCCXY-HC7V7CCXY-HCWFTCCXY-HF5WLCCXY	TMSOL	TMSOL_batch19a	/stornext/snfs0/next-gen/HgVMerge/TMSOLW.NWD279557-1_2AMP-FLOWCELL-HF5YLCCXY-HC7V7CCXY-HCWFTCCXY-HF5WLCCXY	TMSOLW.NWD279557-1_2AMP-FLOWCELL-HF5YLCCXY-HC7V7CCXY-HCWFTCCXY-HF5WLCCXY.hgv.cram	NWD279557.hgv.cram	/stornext/snfs0/next-gen/HgVMerge/TMSOLW.NWD279557-1_2AMP-FLOWCELL-HF5YLCCXY-HC7V7CCXY-HCWFTCCXY-HF5WLCCXY/MEDefn.json	/stornext/snfs0/next-gen/HgVMerge/TMSOLW.NWD279557-1_2AMP-FLOWCELL-HF5YLCCXY-HC7V7CCXY-HCWFTCCXY-HF5WLCCXY/TMSOLW.NWD279557-1_2AMP-FLOWCELL-HF5YLCCXY-HC7V7CCXY-HCWFTCCXY-HF5WLCCXY.hgv.cram
NWD283996	TMSOLW.NWD283996-1_2AMP-FLOWCELL-HF72FCCXY-HFC22CCXY-HC7V7CCXY-HCW33CCXY	TMSOL	TMSOL_batch19a	/stornext/snfs0/next-gen/HgVMerge/TMSOLW.NWD283996-1_2AMP-FLOWCELL-HF72FCCXY-HFC22CCXY-HC7V7CCXY-HCW33CCXY	TMSOLW.NWD283996-1_2AMP-FLOWCELL-HF72FCCXY-HFC22CCXY-HC7V7CCXY-HCW33CCXY.hgv.cram	NWD283996.hgv.cram	/stornext/snfs0/next-gen/HgVMerge/TMSOLW.NWD283996-1_2AMP-FLOWCELL-HF72FCCXY-HFC22CCXY-HC7V7CCXY-HCW33CCXY/MEDefn.json	/stornext/snfs0/next-gen/HgVMerge/TMSOLW.NWD283996-1_2AMP-FLOWCELL-HF72FCCXY-HFC22CCXY-HC7V7CCXY-HCW33CCXY/TMSOLW.NWD283996-1_2AMP-FLOWCELL-HF72FCCXY-HFC22CCXY-HC7V7CCXY-HCW33CCXY.hgv.cram
NWD286644	TMSOLW.NWD286644-1_2AMP-FLOWCELL-HCVHCCCXY-HCVHGCCXY-HCWHTCCXY-HFCNHCCXY	TMSOL	TMSOL_batch19a	/stornext/snfs0/next-gen/HgVMerge/TMSOLW.NWD286644-1_2AMP-FLOWCELL-HCVHCCCXY-HCVHGCCXY-HCWHTCCXY-HFCNHCCXY	TMSOLW.NWD286644-1_2AMP-FLOWCELL-HCVHCCCXY-HCVHGCCXY-HCWHTCCXY-HFCNHCCXY.hgv.cram	NWD286644.hgv.cram	/stornext/snfs0/next-gen/HgVMerge/TMSOLW.NWD286644-1_2AMP-FLOWCELL-HCVHCCCXY-HCVHGCCXY-HCWHTCCXY-HFCNHCCXY/MEDefn.json	/stornext/snfs0/next-gen/HgVMerge/TMSOLW.NWD286644-1_2AMP-FLOWCELL-HCVHCCCXY-HCVHGCCXY-HCWHTCCXY-HFCNHCCXY/TMSOLW.NWD286644-1_2AMP-FLOWCELL-HCVHCCCXY-HCVHGCCXY-HCWHTCCXY-HFCNHCCXY.hgv.cram
NWD292291	TMSOLW.NWD292291-1_2AMP-FLOWCELL-HCVGTCCXY-HCVJCCCXY-HCWJHCCXY-HCWHTCCXY-HFCNHCCXY	TMSOL	TMSOL_batch19a	/stornext/snfs0/next-gen/HgVMerge/TMSOLW.NWD292291-1_2AMP-FLOWCELL-HCVGTCCXY-HCVJCCCXY-HCWJHCCXY-HCWHTCCXY-HFCNHCCXY	TMSOLW.NWD292291-1_2AMP-FLOWCELL-HCVGTCCXY-HCVJCCCXY-HCWJHCCXY-HCWHTCCXY-HFCNHCCXY.hgv.cram	NWD292291.hgv.cram	/stornext/snfs0/next-gen/HgVMerge/TMSOLW.NWD292291-1_2AMP-FLOWCELL-HCVGTCCXY-HCVJCCCXY-HCWJHCCXY-HCWHTCCXY-HFCNHCCXY/MEDefn.json	/stornext/snfs0/next-gen/HgVMerge/TMSOLW.NWD292291-1_2AMP-FLOWCELL-HCVGTCCXY-HCVJCCCXY-HCWJHCCXY-HCWHTCCXY-HFCNHCCXY/TMSOLW.NWD292291-1_2AMP-FLOWCELL-HCVGTCCXY-HCVJCCCXY-HCWJHCCXY-HCWHTCCXY-HFCNHCCXY.hgv.cram
NWD321022	TMSOLW.NWD321022-1_2AMP-FLOWCELL-HF5YLCCXY-HC7V7CCXY-HCWFTCCXY-HF5WLCCXY	TMSOL	TMSOL_batch19a	/stornext/snfs0/next-gen/HgVMerge/TMSOLW.NWD321022-1_2AMP-FLOWCELL-HF5YLCCXY-HC7V7CCXY-HCWFTCCXY-HF5WLCCXY	TMSOLW.NWD321022-1_2AMP-FLOWCELL-HF5YLCCXY-HC7V7CCXY-HCWFTCCXY-HF5WLCCXY.hgv.cram	NWD321022.hgv.cram	/stornext/snfs0/next-gen/HgVMerge/TMSOLW.NWD321022-1_2AMP-FLOWCELL-HF5YLCCXY-HC7V7CCXY-HCWFTCCXY-HF5WLCCXY/MEDefn.json	/stornext/snfs0/next-gen/HgVMerge/TMSOLW.NWD321022-1_2AMP-FLOWCELL-HF5YLCCXY-HC7V7CCXY-HCWFTCCXY-HF5WLCCXY/TMSOLW.NWD321022-1_2AMP-FLOWCELL-HF5YLCCXY-HC7V7CCXY-HCWFTCCXY-HF5WLCCXY.hgv.cram
NWD324419	TMSOLW.NWD324419-1_2AMP-FLOWCELL-HCVCCCCXY-HF72VCCXY-HC7V7CCXY-HFC7JCCXY	TMSOL	TMSOL_batch19a	/stornext/snfs0/next-gen/HgVMerge/TMSOLW.NWD324419-1_2AMP-FLOWCELL-HCVCCCCXY-HF72VCCXY-HC7V7CCXY-HFC7JCCXY	TMSOLW.NWD324419-1_2AMP-FLOWCELL-HCVCCCCXY-HF72VCCXY-HC7V7CCXY-HFC7JCCXY.hgv.cram	NWD324419.hgv.cram	/stornext/snfs0/next-gen/HgVMerge/TMSOLW.NWD324419-1_2AMP-FLOWCELL-HCVCCCCXY-HF72VCCXY-HC7V7CCXY-HFC7JCCXY/MEDefn.json	/stornext/snfs0/next-gen/HgVMerge/TMSOLW.NWD324419-1_2AMP-FLOWCELL-HCVCCCCXY-HF72VCCXY-HC7V7CCXY-HFC7JCCXY/TMSOLW.NWD324419-1_2AMP-FLOWCELL-HCVCCCCXY-HF72VCCXY-HC7V7CCXY-HFC7JCCXY.hgv.cram
NWD333258	TMSOLW.NWD333258-1_2AMP-FLOWCELL-HF72FCCXY-HCW3FCCXY-HF5YJCCXY-HC7V7CCXY	TMSOL	TMSOL_batch19a	/stornext/snfs0/next-gen/HgVMerge/TMSOLW.NWD333258-1_2AMP-FLOWCELL-HF72FCCXY-HCW3FCCXY-HF5YJCCXY-HC7V7CCXY	TMSOLW.NWD333258-1_2AMP-FLOWCELL-HF72FCCXY-HCW3FCCXY-HF5YJCCXY-HC7V7CCXY.hgv.cram	NWD333258.hgv.cram	/stornext/snfs0/next-gen/HgVMerge/TMSOLW.NWD333258-1_2AMP-FLOWCELL-HF72FCCXY-HCW3FCCXY-HF5YJCCXY-HC7V7CCXY/MEDefn.json	/stornext/snfs0/next-gen/HgVMerge/TMSOLW.NWD333258-1_2AMP-FLOWCELL-HF72FCCXY-HCW3FCCXY-HF5YJCCXY-HC7V7CCXY/TMSOLW.NWD333258-1_2AMP-FLOWCELL-HF72FCCXY-HCW3FCCXY-HF5YJCCXY-HC7V7CCXY.hgv.cram
NWD334056	TMSOLW.NWD334056-1_2AMP-FLOWCELL-HF72FCCXY-HCW3FCCXY-HF5YJCCXY-HC7V7CCXY	TMSOL	TMSOL_batch19a	/stornext/snfs0/next-gen/HgVMerge/TMSOLW.NWD334056-1_2AMP-FLOWCELL-HF72FCCXY-HCW3FCCXY-HF5YJCCXY-HC7V7CCXY	TMSOLW.NWD334056-1_2AMP-FLOWCELL-HF72FCCXY-HCW3FCCXY-HF5YJCCXY-HC7V7CCXY.hgv.cram	NWD334056.hgv.cram	/stornext/snfs0/next-gen/HgVMerge/TMSOLW.NWD334056-1_2AMP-FLOWCELL-HF72FCCXY-HCW3FCCXY-HF5YJCCXY-HC7V7CCXY/MEDefn.json	/stornext/snfs0/next-gen/HgVMerge/TMSOLW.NWD334056-1_2AMP-FLOWCELL-HF72FCCXY-HCW3FCCXY-HF5YJCCXY-HC7V7CCXY/TMSOLW.NWD334056-1_2AMP-FLOWCELL-HF72FCCXY-HCW3FCCXY-HF5YJCCXY-HC7V7CCXY.hgv.cram
NWD345727	TMSOLW.NWD345727-1_2AMP-FLOWCELL-HCVCCCCXY-HF72VCCXY-HC7V7CCXY-HFC7JCCXY	TMSOL	TMSOL_batch19a	/stornext/snfs0/next-gen/HgVMerge/TMSOLW.NWD345727-1_2AMP-FLOWCELL-HCVCCCCXY-HF72VCCXY-HC7V7CCXY-HFC7JCCXY	TMSOLW.NWD345727-1_2AMP-FLOWCELL-HCVCCCCXY-HF72VCCXY-HC7V7CCXY-HFC7JCCXY.hgv.cram	NWD345727.hgv.cram	/stornext/snfs0/next-gen/HgVMerge/TMSOLW.NWD345727-1_2AMP-FLOWCELL-HCVCCCCXY-HF72VCCXY-HC7V7CCXY-HFC7JCCXY/MEDefn.json	/stornext/snfs0/next-gen/HgVMerge/TMSOLW.NWD345727-1_2AMP-FLOWCELL-HCVCCCCXY-HF72VCCXY-HC7V7CCXY-HFC7JCCXY/TMSOLW.NWD345727-1_2AMP-FLOWCELL-HCVCCCCXY-HF72VCCXY-HC7V7CCXY-HFC7JCCXY.hgv.cram
NWD348494	TMSOLW.NWD348494-1_2AMP-FLOWCELL-HCVHCCCXY-HCVHGCCXY-HCWHTCCXY-HFCNHCCXY	TMSOL	TMSOL_batch19a	/stornext/snfs0/next-gen/HgVMerge/TMSOLW.NWD348494-1_2AMP-FLOWCELL-HCVHCCCXY-HCVHGCCXY-HCWHTCCXY-HFCNHCCXY	TMSOLW.NWD348494-1_2AMP-FLOWCELL-HCVHCCCXY-HCVHGCCXY-HCWHTCCXY-HFCNHCCXY.hgv.cram	NWD348494.hgv.cram	/stornext/snfs0/next-gen/HgVMerge/TMSOLW.NWD348494-1_2AMP-FLOWCELL-HCVHCCCXY-HCVHGCCXY-HCWHTCCXY-HFCNHCCXY/MEDefn.json	/stornext/snfs0/next-gen/HgVMerge/TMSOLW.NWD348494-1_2AMP-FLOWCELL-HCVHCCCXY-HCVHGCCXY-HCWHTCCXY-HFCNHCCXY/TMSOLW.NWD348494-1_2AMP-FLOWCELL-HCVHCCCXY-HCVHGCCXY-HCWHTCCXY-HFCNHCCXY.hgv.cram
NWD366152	TMSOLW.NWD366152-1_2AMP-FLOWCELL-HCW3LCCXY-HCWHTCCXY-HFCNHCCXY-HCV77CCXY	TMSOL	TMSOL_batch19a	/stornext/snfs0/next-gen/HgVMerge/TMSOLW.NWD366152-1_2AMP-FLOWCELL-HCW3LCCXY-HCWHTCCXY-HFCNHCCXY-HCV77CCXY	TMSOLW.NWD366152-1_2AMP-FLOWCELL-HCW3LCCXY-HCWHTCCXY-HFCNHCCXY-HCV77CCXY.hgv.cram	NWD366152.hgv.cram	/stornext/snfs0/next-gen/HgVMerge/TMSOLW.NWD366152-1_2AMP-FLOWCELL-HCW3LCCXY-HCWHTCCXY-HFCNHCCXY-HCV77CCXY/MEDefn.json	/stornext/snfs0/next-gen/HgVMerge/TMSOLW.NWD366152-1_2AMP-FLOWCELL-HCW3LCCXY-HCWHTCCXY-HFCNHCCXY-HCV77CCXY/TMSOLW.NWD366152-1_2AMP-FLOWCELL-HCW3LCCXY-HCWHTCCXY-HFCNHCCXY-HCV77CCXY.hgv.cram
NWD375025	TMSOLW.NWD375025-1_2AMP-FLOWCELL-HF72FCCXY-HFC22CCXY-HC7V7CCXY-HCW33CCXY	TMSOL	TMSOL_batch19a	/stornext/snfs0/next-gen/HgVMerge/TMSOLW.NWD375025-1_2AMP-FLOWCELL-HF72FCCXY-HFC22CCXY-HC7V7CCXY-HCW33CCXY	TMSOLW.NWD375025-1_2AMP-FLOWCELL-HF72FCCXY-HFC22CCXY-HC7V7CCXY-HCW33CCXY.hgv.cram	NWD375025.hgv.cram	/stornext/snfs0/next-gen/HgVMerge/TMSOLW.NWD375025-1_2AMP-FLOWCELL-HF72FCCXY-HFC22CCXY-HC7V7CCXY-HCW33CCXY/MEDefn.json	/stornext/snfs0/next-gen/HgVMerge/TMSOLW.NWD375025-1_2AMP-FLOWCELL-HF72FCCXY-HFC22CCXY-HC7V7CCXY-HCW33CCXY/TMSOLW.NWD375025-1_2AMP-FLOWCELL-HF72FCCXY-HFC22CCXY-HC7V7CCXY-HCW33CCXY.hgv.cram
NWD388420	TMSOLW.NWD388420-1_2AMP-FLOWCELL-HCVHCCCXY-HCVHGCCXY-HCWHTCCXY-HFCNHCCXY	TMSOL	TMSOL_batch19a	/stornext/snfs0/next-gen/HgVMerge/TMSOLW.NWD388420-1_2AMP-FLOWCELL-HCVHCCCXY-HCVHGCCXY-HCWHTCCXY-HFCNHCCXY	TMSOLW.NWD388420-1_2AMP-FLOWCELL-HCVHCCCXY-HCVHGCCXY-HCWHTCCXY-HFCNHCCXY.hgv.cram	NWD388420.hgv.cram	/stornext/snfs0/next-gen/HgVMerge/TMSOLW.NWD388420-1_2AMP-FLOWCELL-HCVHCCCXY-HCVHGCCXY-HCWHTCCXY-HFCNHCCXY/MEDefn.json	/stornext/snfs0/next-gen/HgVMerge/TMSOLW.NWD388420-1_2AMP-FLOWCELL-HCVHCCCXY-HCVHGCCXY-HCWHTCCXY-HFCNHCCXY/TMSOLW.NWD388420-1_2AMP-FLOWCELL-HCVHCCCXY-HCVHGCCXY-HCWHTCCXY-HFCNHCCXY.hgv.cram
NWD394254	TMSOLW.NWD394254-1_2AMP-FLOWCELL-HF72FCCXY-HFC22CCXY-HC7V7CCXY-HCW33CCXY	TMSOL	TMSOL_batch19a	/stornext/snfs0/next-gen/HgVMerge/TMSOLW.NWD394254-1_2AMP-FLOWCELL-HF72FCCXY-HFC22CCXY-HC7V7CCXY-HCW33CCXY	TMSOLW.NWD394254-1_2AMP-FLOWCELL-HF72FCCXY-HFC22CCXY-HC7V7CCXY-HCW33CCXY.hgv.cram	NWD394254.hgv.cram	/stornext/snfs0/next-gen/HgVMerge/TMSOLW.NWD394254-1_2AMP-FLOWCELL-HF72FCCXY-HFC22CCXY-HC7V7CCXY-HCW33CCXY/MEDefn.json	/stornext/snfs0/next-gen/HgVMerge/TMSOLW.NWD394254-1_2AMP-FLOWCELL-HF72FCCXY-HFC22CCXY-HC7V7CCXY-HCW33CCXY/TMSOLW.NWD394254-1_2AMP-FLOWCELL-HF72FCCXY-HFC22CCXY-HC7V7CCXY-HCW33CCXY.hgv.cram
NWD400260	TMSOLW.NWD400260-1_2AMP-FLOWCELL-HCW3LCCXY-HCWHTCCXY-HFCNHCCXY-HCV77CCXY	TMSOL	TMSOL_batch19a	/stornext/snfs0/next-gen/HgVMerge/TMSOLW.NWD400260-1_2AMP-FLOWCELL-HCW3LCCXY-HCWHTCCXY-HFCNHCCXY-HCV77CCXY	TMSOLW.NWD400260-1_2AMP-FLOWCELL-HCW3LCCXY-HCWHTCCXY-HFCNHCCXY-HCV77CCXY.hgv.cram	NWD400260.hgv.cram	/stornext/snfs0/next-gen/HgVMerge/TMSOLW.NWD400260-1_2AMP-FLOWCELL-HCW3LCCXY-HCWHTCCXY-HFCNHCCXY-HCV77CCXY/MEDefn.json	/stornext/snfs0/next-gen/HgVMerge/TMSOLW.NWD400260-1_2AMP-FLOWCELL-HCW3LCCXY-HCWHTCCXY-HFCNHCCXY-HCV77CCXY/TMSOLW.NWD400260-1_2AMP-FLOWCELL-HCW3LCCXY-HCWHTCCXY-HFCNHCCXY-HCV77CCXY.hgv.cram
NWD407913	TMSOLW.NWD407913-1_2AMP-FLOWCELL-HF72FCCXY-HCW3FCCXY-HF5YJCCXY-HC7V7CCXY	TMSOL	TMSOL_batch19a	/stornext/snfs0/next-gen/HgVMerge/TMSOLW.NWD407913-1_2AMP-FLOWCELL-HF72FCCXY-HCW3FCCXY-HF5YJCCXY-HC7V7CCXY	TMSOLW.NWD407913-1_2AMP-FLOWCELL-HF72FCCXY-HCW3FCCXY-HF5YJCCXY-HC7V7CCXY.hgv.cram	NWD407913.hgv.cram	/stornext/snfs0/next-gen/HgVMerge/TMSOLW.NWD407913-1_2AMP-FLOWCELL-HF72FCCXY-HCW3FCCXY-HF5YJCCXY-HC7V7CCXY/MEDefn.json	/stornext/snfs0/next-gen/HgVMerge/TMSOLW.NWD407913-1_2AMP-FLOWCELL-HF72FCCXY-HCW3FCCXY-HF5YJCCXY-HC7V7CCXY/TMSOLW.NWD407913-1_2AMP-FLOWCELL-HF72FCCXY-HCW3FCCXY-HF5YJCCXY-HC7V7CCXY.hgv.cram
NWD409056	TMSOLW.NWD409056-1_2AMP-FLOWCELL-HF72FCCXY-HCW3FCCXY-HF5YJCCXY-HC7V7CCXY	TMSOL	TMSOL_batch19a	/stornext/snfs0/next-gen/HgVMerge/TMSOLW.NWD409056-1_2AMP-FLOWCELL-HF72FCCXY-HCW3FCCXY-HF5YJCCXY-HC7V7CCXY	TMSOLW.NWD409056-1_2AMP-FLOWCELL-HF72FCCXY-HCW3FCCXY-HF5YJCCXY-HC7V7CCXY.hgv.cram	NWD409056.hgv.cram	/stornext/snfs0/next-gen/HgVMerge/TMSOLW.NWD409056-1_2AMP-FLOWCELL-HF72FCCXY-HCW3FCCXY-HF5YJCCXY-HC7V7CCXY/MEDefn.json	/stornext/snfs0/next-gen/HgVMerge/TMSOLW.NWD409056-1_2AMP-FLOWCELL-HF72FCCXY-HCW3FCCXY-HF5YJCCXY-HC7V7CCXY/TMSOLW.NWD409056-1_2AMP-FLOWCELL-HF72FCCXY-HCW3FCCXY-HF5YJCCXY-HC7V7CCXY.hgv.cram
NWD410188	TMSOLW.NWD410188-1_2AMP-FLOWCELL-HCW3LCCXY-HCWHTCCXY-HFCNHCCXY-HCV77CCXY	TMSOL	TMSOL_batch19a	/stornext/snfs0/next-gen/HgVMerge/TMSOLW.NWD410188-1_2AMP-FLOWCELL-HCW3LCCXY-HCWHTCCXY-HFCNHCCXY-HCV77CCXY	TMSOLW.NWD410188-1_2AMP-FLOWCELL-HCW3LCCXY-HCWHTCCXY-HFCNHCCXY-HCV77CCXY.hgv.cram	NWD410188.hgv.cram	/stornext/snfs0/next-gen/HgVMerge/TMSOLW.NWD410188-1_2AMP-FLOWCELL-HCW3LCCXY-HCWHTCCXY-HFCNHCCXY-HCV77CCXY/MEDefn.json	/stornext/snfs0/next-gen/HgVMerge/TMSOLW.NWD410188-1_2AMP-FLOWCELL-HCW3LCCXY-HCWHTCCXY-HFCNHCCXY-HCV77CCXY/TMSOLW.NWD410188-1_2AMP-FLOWCELL-HCW3LCCXY-HCWHTCCXY-HFCNHCCXY-HCV77CCXY.hgv.cram
NWD415272	TMSOLW.NWD415272-1_2AMP-FLOWCELL-HF5YLCCXY-HC7V7CCXY-HCWFTCCXY-HF5WLCCXY	TMSOL	TMSOL_batch19a	/stornext/snfs0/next-gen/HgVMerge/TMSOLW.NWD415272-1_2AMP-FLOWCELL-HF5YLCCXY-HC7V7CCXY-HCWFTCCXY-HF5WLCCXY	TMSOLW.NWD415272-1_2AMP-FLOWCELL-HF5YLCCXY-HC7V7CCXY-HCWFTCCXY-HF5WLCCXY.hgv.cram	NWD415272.hgv.cram	/stornext/snfs0/next-gen/HgVMerge/TMSOLW.NWD415272-1_2AMP-FLOWCELL-HF5YLCCXY-HC7V7CCXY-HCWFTCCXY-HF5WLCCXY/MEDefn.json	/stornext/snfs0/next-gen/HgVMerge/TMSOLW.NWD415272-1_2AMP-FLOWCELL-HF5YLCCXY-HC7V7CCXY-HCWFTCCXY-HF5WLCCXY/TMSOLW.NWD415272-1_2AMP-FLOWCELL-HF5YLCCXY-HC7V7CCXY-HCWFTCCXY-HF5WLCCXY.hgv.cram
NWD430398	TMSOLW.NWD430398-1_2AMP-FLOWCELL-HF72FCCXY-HCW3FCCXY-HF5YJCCXY-HC7V7CCXY	TMSOL	TMSOL_batch19a	/stornext/snfs0/next-gen/HgVMerge/TMSOLW.NWD430398-1_2AMP-FLOWCELL-HF72FCCXY-HCW3FCCXY-HF5YJCCXY-HC7V7CCXY	TMSOLW.NWD430398-1_2AMP-FLOWCELL-HF72FCCXY-HCW3FCCXY-HF5YJCCXY-HC7V7CCXY.hgv.cram	NWD430398.hgv.cram	/stornext/snfs0/next-gen/HgVMerge/TMSOLW.NWD430398-1_2AMP-FLOWCELL-HF72FCCXY-HCW3FCCXY-HF5YJCCXY-HC7V7CCXY/MEDefn.json	/stornext/snfs0/next-gen/HgVMerge/TMSOLW.NWD430398-1_2AMP-FLOWCELL-HF72FCCXY-HCW3FCCXY-HF5YJCCXY-HC7V7CCXY/TMSOLW.NWD430398-1_2AMP-FLOWCELL-HF72FCCXY-HCW3FCCXY-HF5YJCCXY-HC7V7CCXY.hgv.cram
NWD440100	TMSOLW.NWD440100-1_2AMP-FLOWCELL-HCVHCCCXY-HCVHGCCXY-HCWHTCCXY-HFCNHCCXY	TMSOL	TMSOL_batch19a	/stornext/snfs0/next-gen/HgVMerge/TMSOLW.NWD440100-1_2AMP-FLOWCELL-HCVHCCCXY-HCVHGCCXY-HCWHTCCXY-HFCNHCCXY	TMSOLW.NWD440100-1_2AMP-FLOWCELL-HCVHCCCXY-HCVHGCCXY-HCWHTCCXY-HFCNHCCXY.hgv.cram	NWD440100.hgv.cram	/stornext/snfs0/next-gen/HgVMerge/TMSOLW.NWD440100-1_2AMP-FLOWCELL-HCVHCCCXY-HCVHGCCXY-HCWHTCCXY-HFCNHCCXY/MEDefn.json	/stornext/snfs0/next-gen/HgVMerge/TMSOLW.NWD440100-1_2AMP-FLOWCELL-HCVHCCCXY-HCVHGCCXY-HCWHTCCXY-HFCNHCCXY/TMSOLW.NWD440100-1_2AMP-FLOWCELL-HCVHCCCXY-HCVHGCCXY-HCWHTCCXY-HFCNHCCXY.hgv.cram
NWD445817	TMSOLW.NWD445817-1_2AMP-FLOWCELL-HCVGTCCXY-HCVJCCCXY-HCWJHCCXY-HCWHTCCXY-HFCNHCCXY	TMSOL	TMSOL_batch19a	/stornext/snfs0/next-gen/HgVMerge/TMSOLW.NWD445817-1_2AMP-FLOWCELL-HCVGTCCXY-HCVJCCCXY-HCWJHCCXY-HCWHTCCXY-HFCNHCCXY	TMSOLW.NWD445817-1_2AMP-FLOWCELL-HCVGTCCXY-HCVJCCCXY-HCWJHCCXY-HCWHTCCXY-HFCNHCCXY.hgv.cram	NWD445817.hgv.cram	/stornext/snfs0/next-gen/HgVMerge/TMSOLW.NWD445817-1_2AMP-FLOWCELL-HCVGTCCXY-HCVJCCCXY-HCWJHCCXY-HCWHTCCXY-HFCNHCCXY/MEDefn.json	/stornext/snfs0/next-gen/HgVMerge/TMSOLW.NWD445817-1_2AMP-FLOWCELL-HCVGTCCXY-HCVJCCCXY-HCWJHCCXY-HCWHTCCXY-HFCNHCCXY/TMSOLW.NWD445817-1_2AMP-FLOWCELL-HCVGTCCXY-HCVJCCCXY-HCWJHCCXY-HCWHTCCXY-HFCNHCCXY.hgv.cram
NWD447434	TMSOLW.NWD447434-1_2AMP-FLOWCELL-HCVHCCCXY-HCVHGCCXY-HCWHTCCXY-HFCNHCCXY	TMSOL	TMSOL_batch19a	/stornext/snfs0/next-gen/HgVMerge/TMSOLW.NWD447434-1_2AMP-FLOWCELL-HCVHCCCXY-HCVHGCCXY-HCWHTCCXY-HFCNHCCXY	TMSOLW.NWD447434-1_2AMP-FLOWCELL-HCVHCCCXY-HCVHGCCXY-HCWHTCCXY-HFCNHCCXY.hgv.cram	NWD447434.hgv.cram	/stornext/snfs0/next-gen/HgVMerge/TMSOLW.NWD447434-1_2AMP-FLOWCELL-HCVHCCCXY-HCVHGCCXY-HCWHTCCXY-HFCNHCCXY/MEDefn.json	/stornext/snfs0/next-gen/HgVMerge/TMSOLW.NWD447434-1_2AMP-FLOWCELL-HCVHCCCXY-HCVHGCCXY-HCWHTCCXY-HFCNHCCXY/TMSOLW.NWD447434-1_2AMP-FLOWCELL-HCVHCCCXY-HCVHGCCXY-HCWHTCCXY-HFCNHCCXY.hgv.cram
NWD451829	TMSOLW.NWD451829-1_2AMP-FLOWCELL-HF5YLCCXY-HC7V7CCXY-HCWFTCCXY-HF5WLCCXY	TMSOL	TMSOL_batch19a	/stornext/snfs0/next-gen/HgVMerge/TMSOLW.NWD451829-1_2AMP-FLOWCELL-HF5YLCCXY-HC7V7CCXY-HCWFTCCXY-HF5WLCCXY	TMSOLW.NWD451829-1_2AMP-FLOWCELL-HF5YLCCXY-HC7V7CCXY-HCWFTCCXY-HF5WLCCXY.hgv.cram	NWD451829.hgv.cram	/stornext/snfs0/next-gen/HgVMerge/TMSOLW.NWD451829-1_2AMP-FLOWCELL-HF5YLCCXY-HC7V7CCXY-HCWFTCCXY-HF5WLCCXY/MEDefn.json	/stornext/snfs0/next-gen/HgVMerge/TMSOLW.NWD451829-1_2AMP-FLOWCELL-HF5YLCCXY-HC7V7CCXY-HCWFTCCXY-HF5WLCCXY/TMSOLW.NWD451829-1_2AMP-FLOWCELL-HF5YLCCXY-HC7V7CCXY-HCWFTCCXY-HF5WLCCXY.hgv.cram
NWD471167	TMSOLW.NWD471167-1_2AMP-FLOWCELL-HCW7GCCXY-HF5LNCCXY-HC7V7CCXY-HFC7JCCXY	TMSOL	TMSOL_batch19a	/stornext/snfs0/next-gen/HgVMerge/TMSOLW.NWD471167-1_2AMP-FLOWCELL-HCW7GCCXY-HF5LNCCXY-HC7V7CCXY-HFC7JCCXY	TMSOLW.NWD471167-1_2AMP-FLOWCELL-HCW7GCCXY-HF5LNCCXY-HC7V7CCXY-HFC7JCCXY.hgv.cram	NWD471167.hgv.cram	/stornext/snfs0/next-gen/HgVMerge/TMSOLW.NWD471167-1_2AMP-FLOWCELL-HCW7GCCXY-HF5LNCCXY-HC7V7CCXY-HFC7JCCXY/MEDefn.json	/stornext/snfs0/next-gen/HgVMerge/TMSOLW.NWD471167-1_2AMP-FLOWCELL-HCW7GCCXY-HF5LNCCXY-HC7V7CCXY-HFC7JCCXY/TMSOLW.NWD471167-1_2AMP-FLOWCELL-HCW7GCCXY-HF5LNCCXY-HC7V7CCXY-HFC7JCCXY.hgv.cram
NWD471849	TMSOLW.NWD471849-1_2AMP-FLOWCELL-HF72FCCXY-HCW3FCCXY-HF5YJCCXY-HC7V7CCXY	TMSOL	TMSOL_batch19a	/stornext/snfs0/next-gen/HgVMerge/TMSOLW.NWD471849-1_2AMP-FLOWCELL-HF72FCCXY-HCW3FCCXY-HF5YJCCXY-HC7V7CCXY	TMSOLW.NWD471849-1_2AMP-FLOWCELL-HF72FCCXY-HCW3FCCXY-HF5YJCCXY-HC7V7CCXY.hgv.cram	NWD471849.hgv.cram	/stornext/snfs0/next-gen/HgVMerge/TMSOLW.NWD471849-1_2AMP-FLOWCELL-HF72FCCXY-HCW3FCCXY-HF5YJCCXY-HC7V7CCXY/MEDefn.json	/stornext/snfs0/next-gen/HgVMerge/TMSOLW.NWD471849-1_2AMP-FLOWCELL-HF72FCCXY-HCW3FCCXY-HF5YJCCXY-HC7V7CCXY/TMSOLW.NWD471849-1_2AMP-FLOWCELL-HF72FCCXY-HCW3FCCXY-HF5YJCCXY-HC7V7CCXY.hgv.cram
NWD497406	TMSOLW.NWD497406-1_2AMP-FLOWCELL-HCVHCCCXY-HCVHGCCXY-HCWHTCCXY-HFCNHCCXY	TMSOL	TMSOL_batch19a	/stornext/snfs0/next-gen/HgVMerge/TMSOLW.NWD497406-1_2AMP-FLOWCELL-HCVHCCCXY-HCVHGCCXY-HCWHTCCXY-HFCNHCCXY	TMSOLW.NWD497406-1_2AMP-FLOWCELL-HCVHCCCXY-HCVHGCCXY-HCWHTCCXY-HFCNHCCXY.hgv.cram	NWD497406.hgv.cram	/stornext/snfs0/next-gen/HgVMerge/TMSOLW.NWD497406-1_2AMP-FLOWCELL-HCVHCCCXY-HCVHGCCXY-HCWHTCCXY-HFCNHCCXY/MEDefn.json	/stornext/snfs0/next-gen/HgVMerge/TMSOLW.NWD497406-1_2AMP-FLOWCELL-HCVHCCCXY-HCVHGCCXY-HCWHTCCXY-HFCNHCCXY/TMSOLW.NWD497406-1_2AMP-FLOWCELL-HCVHCCCXY-HCVHGCCXY-HCWHTCCXY-HFCNHCCXY.hgv.cram
NWD499960	TMSOLW.NWD499960-1_2AMP-FLOWCELL-HCVGTCCXY-HCVJCCCXY-HCWJHCCXY-HCWHTCCXY-HFCNHCCXY	TMSOL	TMSOL_batch19a	/stornext/snfs0/next-gen/HgVMerge/TMSOLW.NWD499960-1_2AMP-FLOWCELL-HCVGTCCXY-HCVJCCCXY-HCWJHCCXY-HCWHTCCXY-HFCNHCCXY	TMSOLW.NWD499960-1_2AMP-FLOWCELL-HCVGTCCXY-HCVJCCCXY-HCWJHCCXY-HCWHTCCXY-HFCNHCCXY.hgv.cram	NWD499960.hgv.cram	/stornext/snfs0/next-gen/HgVMerge/TMSOLW.NWD499960-1_2AMP-FLOWCELL-HCVGTCCXY-HCVJCCCXY-HCWJHCCXY-HCWHTCCXY-HFCNHCCXY/MEDefn.json	/stornext/snfs0/next-gen/HgVMerge/TMSOLW.NWD499960-1_2AMP-FLOWCELL-HCVGTCCXY-HCVJCCCXY-HCWJHCCXY-HCWHTCCXY-HFCNHCCXY/TMSOLW.NWD499960-1_2AMP-FLOWCELL-HCVGTCCXY-HCVJCCCXY-HCWJHCCXY-HCWHTCCXY-HFCNHCCXY.hgv.cram
NWD502304	TMSOLW.NWD502304-1_2AMP-FLOWCELL-HF72FCCXY-HFC22CCXY-HC7V7CCXY-HCW33CCXY	TMSOL	TMSOL_batch19a	/stornext/snfs0/next-gen/HgVMerge/TMSOLW.NWD502304-1_2AMP-FLOWCELL-HF72FCCXY-HFC22CCXY-HC7V7CCXY-HCW33CCXY	TMSOLW.NWD502304-1_2AMP-FLOWCELL-HF72FCCXY-HFC22CCXY-HC7V7CCXY-HCW33CCXY.hgv.cram	NWD502304.hgv.cram	/stornext/snfs0/next-gen/HgVMerge/TMSOLW.NWD502304-1_2AMP-FLOWCELL-HF72FCCXY-HFC22CCXY-HC7V7CCXY-HCW33CCXY/MEDefn.json	/stornext/snfs0/next-gen/HgVMerge/TMSOLW.NWD502304-1_2AMP-FLOWCELL-HF72FCCXY-HFC22CCXY-HC7V7CCXY-HCW33CCXY/TMSOLW.NWD502304-1_2AMP-FLOWCELL-HF72FCCXY-HFC22CCXY-HC7V7CCXY-HCW33CCXY.hgv.cram
NWD503027	TMSOLW.NWD503027-1_2AMP-FLOWCELL-HCVHCCCXY-HCVHGCCXY-HCWHTCCXY-HFCNHCCXY	TMSOL	TMSOL_batch19a	/stornext/snfs0/next-gen/HgVMerge/TMSOLW.NWD503027-1_2AMP-FLOWCELL-HCVHCCCXY-HCVHGCCXY-HCWHTCCXY-HFCNHCCXY	TMSOLW.NWD503027-1_2AMP-FLOWCELL-HCVHCCCXY-HCVHGCCXY-HCWHTCCXY-HFCNHCCXY.hgv.cram	NWD503027.hgv.cram	/stornext/snfs0/next-gen/HgVMerge/TMSOLW.NWD503027-1_2AMP-FLOWCELL-HCVHCCCXY-HCVHGCCXY-HCWHTCCXY-HFCNHCCXY/MEDefn.json	/stornext/snfs0/next-gen/HgVMerge/TMSOLW.NWD503027-1_2AMP-FLOWCELL-HCVHCCCXY-HCVHGCCXY-HCWHTCCXY-HFCNHCCXY/TMSOLW.NWD503027-1_2AMP-FLOWCELL-HCVHCCCXY-HCVHGCCXY-HCWHTCCXY-HFCNHCCXY.hgv.cram
NWD504067	TMSOLW.NWD504067-1_2AMP-FLOWCELL-HF5YLCCXY-HC7V7CCXY-HCWFTCCXY-HF5WLCCXY	TMSOL	TMSOL_batch19a	/stornext/snfs0/next-gen/HgVMerge/TMSOLW.NWD504067-1_2AMP-FLOWCELL-HF5YLCCXY-HC7V7CCXY-HCWFTCCXY-HF5WLCCXY	TMSOLW.NWD504067-1_2AMP-FLOWCELL-HF5YLCCXY-HC7V7CCXY-HCWFTCCXY-HF5WLCCXY.hgv.cram	NWD504067.hgv.cram	/stornext/snfs0/next-gen/HgVMerge/TMSOLW.NWD504067-1_2AMP-FLOWCELL-HF5YLCCXY-HC7V7CCXY-HCWFTCCXY-HF5WLCCXY/MEDefn.json	/stornext/snfs0/next-gen/HgVMerge/TMSOLW.NWD504067-1_2AMP-FLOWCELL-HF5YLCCXY-HC7V7CCXY-HCWFTCCXY-HF5WLCCXY/TMSOLW.NWD504067-1_2AMP-FLOWCELL-HF5YLCCXY-HC7V7CCXY-HCWFTCCXY-HF5WLCCXY.hgv.cram
NWD509238	TMSOLW.NWD509238-1_2AMP-FLOWCELL-HCVHCCCXY-HCVHGCCXY-HCWHTCCXY-HFCNHCCXY	TMSOL	TMSOL_batch19a	/stornext/snfs0/next-gen/HgVMerge/TMSOLW.NWD509238-1_2AMP-FLOWCELL-HCVHCCCXY-HCVHGCCXY-HCWHTCCXY-HFCNHCCXY	TMSOLW.NWD509238-1_2AMP-FLOWCELL-HCVHCCCXY-HCVHGCCXY-HCWHTCCXY-HFCNHCCXY.hgv.cram	NWD509238.hgv.cram	/stornext/snfs0/next-gen/HgVMerge/TMSOLW.NWD509238-1_2AMP-FLOWCELL-HCVHCCCXY-HCVHGCCXY-HCWHTCCXY-HFCNHCCXY/MEDefn.json	/stornext/snfs0/next-gen/HgVMerge/TMSOLW.NWD509238-1_2AMP-FLOWCELL-HCVHCCCXY-HCVHGCCXY-HCWHTCCXY-HFCNHCCXY/TMSOLW.NWD509238-1_2AMP-FLOWCELL-HCVHCCCXY-HCVHGCCXY-HCWHTCCXY-HFCNHCCXY.hgv.cram
NWD509960	TMSOLW.NWD509960-1_2AMP-FLOWCELL-HF72FCCXY-HCW3FCCXY-HF5YJCCXY-HC7V7CCXY	TMSOL	TMSOL_batch19a	/stornext/snfs0/next-gen/HgVMerge/TMSOLW.NWD509960-1_2AMP-FLOWCELL-HF72FCCXY-HCW3FCCXY-HF5YJCCXY-HC7V7CCXY	TMSOLW.NWD509960-1_2AMP-FLOWCELL-HF72FCCXY-HCW3FCCXY-HF5YJCCXY-HC7V7CCXY.hgv.cram	NWD509960.hgv.cram	/stornext/snfs0/next-gen/HgVMerge/TMSOLW.NWD509960-1_2AMP-FLOWCELL-HF72FCCXY-HCW3FCCXY-HF5YJCCXY-HC7V7CCXY/MEDefn.json	/stornext/snfs0/next-gen/HgVMerge/TMSOLW.NWD509960-1_2AMP-FLOWCELL-HF72FCCXY-HCW3FCCXY-HF5YJCCXY-HC7V7CCXY/TMSOLW.NWD509960-1_2AMP-FLOWCELL-HF72FCCXY-HCW3FCCXY-HF5YJCCXY-HC7V7CCXY.hgv.cram
NWD514367	TMSOLW.NWD514367-1_2AMP-FLOWCELL-HF72FCCXY-HCW3FCCXY-HF5YJCCXY-HC7V7CCXY	TMSOL	TMSOL_batch19a	/stornext/snfs0/next-gen/HgVMerge/TMSOLW.NWD514367-1_2AMP-FLOWCELL-HF72FCCXY-HCW3FCCXY-HF5YJCCXY-HC7V7CCXY	TMSOLW.NWD514367-1_2AMP-FLOWCELL-HF72FCCXY-HCW3FCCXY-HF5YJCCXY-HC7V7CCXY.hgv.cram	NWD514367.hgv.cram	/stornext/snfs0/next-gen/HgVMerge/TMSOLW.NWD514367-1_2AMP-FLOWCELL-HF72FCCXY-HCW3FCCXY-HF5YJCCXY-HC7V7CCXY/MEDefn.json	/stornext/snfs0/next-gen/HgVMerge/TMSOLW.NWD514367-1_2AMP-FLOWCELL-HF72FCCXY-HCW3FCCXY-HF5YJCCXY-HC7V7CCXY/TMSOLW.NWD514367-1_2AMP-FLOWCELL-HF72FCCXY-HCW3FCCXY-HF5YJCCXY-HC7V7CCXY.hgv.cram
NWD522159	TMSOLW.NWD522159-1_2AMP-FLOWCELL-HF5YLCCXY-HC7V7CCXY-HCWFTCCXY-HF5WLCCXY	TMSOL	TMSOL_batch19a	/stornext/snfs0/next-gen/HgVMerge/TMSOLW.NWD522159-1_2AMP-FLOWCELL-HF5YLCCXY-HC7V7CCXY-HCWFTCCXY-HF5WLCCXY	TMSOLW.NWD522159-1_2AMP-FLOWCELL-HF5YLCCXY-HC7V7CCXY-HCWFTCCXY-HF5WLCCXY.hgv.cram	NWD522159.hgv.cram	/stornext/snfs0/next-gen/HgVMerge/TMSOLW.NWD522159-1_2AMP-FLOWCELL-HF5YLCCXY-HC7V7CCXY-HCWFTCCXY-HF5WLCCXY/MEDefn.json	/stornext/snfs0/next-gen/HgVMerge/TMSOLW.NWD522159-1_2AMP-FLOWCELL-HF5YLCCXY-HC7V7CCXY-HCWFTCCXY-HF5WLCCXY/TMSOLW.NWD522159-1_2AMP-FLOWCELL-HF5YLCCXY-HC7V7CCXY-HCWFTCCXY-HF5WLCCXY.hgv.cram
NWD522942	TMSOLW.NWD522942-1_2AMP-FLOWCELL-HF5YLCCXY-HC7V7CCXY-HCWFTCCXY-HF5WLCCXY	TMSOL	TMSOL_batch19a	/stornext/snfs0/next-gen/HgVMerge/TMSOLW.NWD522942-1_2AMP-FLOWCELL-HF5YLCCXY-HC7V7CCXY-HCWFTCCXY-HF5WLCCXY	TMSOLW.NWD522942-1_2AMP-FLOWCELL-HF5YLCCXY-HC7V7CCXY-HCWFTCCXY-HF5WLCCXY.hgv.cram	NWD522942.hgv.cram	/stornext/snfs0/next-gen/HgVMerge/TMSOLW.NWD522942-1_2AMP-FLOWCELL-HF5YLCCXY-HC7V7CCXY-HCWFTCCXY-HF5WLCCXY/MEDefn.json	/stornext/snfs0/next-gen/HgVMerge/TMSOLW.NWD522942-1_2AMP-FLOWCELL-HF5YLCCXY-HC7V7CCXY-HCWFTCCXY-HF5WLCCXY/TMSOLW.NWD522942-1_2AMP-FLOWCELL-HF5YLCCXY-HC7V7CCXY-HCWFTCCXY-HF5WLCCXY.hgv.cram
NWD525972	TMSOLW.NWD525972-1_2AMP-FLOWCELL-HCW3LCCXY-HCWHTCCXY-HFCNHCCXY-HCV77CCXY	TMSOL	TMSOL_batch19a	/stornext/snfs0/next-gen/HgVMerge/TMSOLW.NWD525972-1_2AMP-FLOWCELL-HCW3LCCXY-HCWHTCCXY-HFCNHCCXY-HCV77CCXY	TMSOLW.NWD525972-1_2AMP-FLOWCELL-HCW3LCCXY-HCWHTCCXY-HFCNHCCXY-HCV77CCXY.hgv.cram	NWD525972.hgv.cram	/stornext/snfs0/next-gen/HgVMerge/TMSOLW.NWD525972-1_2AMP-FLOWCELL-HCW3LCCXY-HCWHTCCXY-HFCNHCCXY-HCV77CCXY/MEDefn.json	/stornext/snfs0/next-gen/HgVMerge/TMSOLW.NWD525972-1_2AMP-FLOWCELL-HCW3LCCXY-HCWHTCCXY-HFCNHCCXY-HCV77CCXY/TMSOLW.NWD525972-1_2AMP-FLOWCELL-HCW3LCCXY-HCWHTCCXY-HFCNHCCXY-HCV77CCXY.hgv.cram
NWD532224	TMSOLW.NWD532224-1_2AMP-FLOWCELL-HCVCCCCXY-HF72VCCXY-HC7V7CCXY-HFC7JCCXY	TMSOL	TMSOL_batch19a	/stornext/snfs0/next-gen/HgVMerge/TMSOLW.NWD532224-1_2AMP-FLOWCELL-HCVCCCCXY-HF72VCCXY-HC7V7CCXY-HFC7JCCXY	TMSOLW.NWD532224-1_2AMP-FLOWCELL-HCVCCCCXY-HF72VCCXY-HC7V7CCXY-HFC7JCCXY.hgv.cram	NWD532224.hgv.cram	/stornext/snfs0/next-gen/HgVMerge/TMSOLW.NWD532224-1_2AMP-FLOWCELL-HCVCCCCXY-HF72VCCXY-HC7V7CCXY-HFC7JCCXY/MEDefn.json	/stornext/snfs0/next-gen/HgVMerge/TMSOLW.NWD532224-1_2AMP-FLOWCELL-HCVCCCCXY-HF72VCCXY-HC7V7CCXY-HFC7JCCXY/TMSOLW.NWD532224-1_2AMP-FLOWCELL-HCVCCCCXY-HF72VCCXY-HC7V7CCXY-HFC7JCCXY.hgv.cram
NWD534930	TMSOLW.NWD534930-1_2AMP-FLOWCELL-HF72FCCXY-HCW3FCCXY-HF5YJCCXY-HC7V7CCXY	TMSOL	TMSOL_batch19a	/stornext/snfs0/next-gen/HgVMerge/TMSOLW.NWD534930-1_2AMP-FLOWCELL-HF72FCCXY-HCW3FCCXY-HF5YJCCXY-HC7V7CCXY	TMSOLW.NWD534930-1_2AMP-FLOWCELL-HF72FCCXY-HCW3FCCXY-HF5YJCCXY-HC7V7CCXY.hgv.cram	NWD534930.hgv.cram	/stornext/snfs0/next-gen/HgVMerge/TMSOLW.NWD534930-1_2AMP-FLOWCELL-HF72FCCXY-HCW3FCCXY-HF5YJCCXY-HC7V7CCXY/MEDefn.json	/stornext/snfs0/next-gen/HgVMerge/TMSOLW.NWD534930-1_2AMP-FLOWCELL-HF72FCCXY-HCW3FCCXY-HF5YJCCXY-HC7V7CCXY/TMSOLW.NWD534930-1_2AMP-FLOWCELL-HF72FCCXY-HCW3FCCXY-HF5YJCCXY-HC7V7CCXY.hgv.cram
NWD539502	TMSOLW.NWD539502-1_2AMP-FLOWCELL-HCW7GCCXY-HF5LNCCXY-HC7V7CCXY-HFC7JCCXY	TMSOL	TMSOL_batch19a	/stornext/snfs0/next-gen/HgVMerge/TMSOLW.NWD539502-1_2AMP-FLOWCELL-HCW7GCCXY-HF5LNCCXY-HC7V7CCXY-HFC7JCCXY	TMSOLW.NWD539502-1_2AMP-FLOWCELL-HCW7GCCXY-HF5LNCCXY-HC7V7CCXY-HFC7JCCXY.hgv.cram	NWD539502.hgv.cram	/stornext/snfs0/next-gen/HgVMerge/TMSOLW.NWD539502-1_2AMP-FLOWCELL-HCW7GCCXY-HF5LNCCXY-HC7V7CCXY-HFC7JCCXY/MEDefn.json	/stornext/snfs0/next-gen/HgVMerge/TMSOLW.NWD539502-1_2AMP-FLOWCELL-HCW7GCCXY-HF5LNCCXY-HC7V7CCXY-HFC7JCCXY/TMSOLW.NWD539502-1_2AMP-FLOWCELL-HCW7GCCXY-HF5LNCCXY-HC7V7CCXY-HFC7JCCXY.hgv.cram
NWD550800	TMSOLW.NWD550800-1_2AMP-FLOWCELL-HCW3LCCXY-HCWHTCCXY-HFCNHCCXY-HCV77CCXY	TMSOL	TMSOL_batch19a	/stornext/snfs0/next-gen/HgVMerge/TMSOLW.NWD550800-1_2AMP-FLOWCELL-HCW3LCCXY-HCWHTCCXY-HFCNHCCXY-HCV77CCXY	TMSOLW.NWD550800-1_2AMP-FLOWCELL-HCW3LCCXY-HCWHTCCXY-HFCNHCCXY-HCV77CCXY.hgv.cram	NWD550800.hgv.cram	/stornext/snfs0/next-gen/HgVMerge/TMSOLW.NWD550800-1_2AMP-FLOWCELL-HCW3LCCXY-HCWHTCCXY-HFCNHCCXY-HCV77CCXY/MEDefn.json	/stornext/snfs0/next-gen/HgVMerge/TMSOLW.NWD550800-1_2AMP-FLOWCELL-HCW3LCCXY-HCWHTCCXY-HFCNHCCXY-HCV77CCXY/TMSOLW.NWD550800-1_2AMP-FLOWCELL-HCW3LCCXY-HCWHTCCXY-HFCNHCCXY-HCV77CCXY.hgv.cram
NWD552320	TMSOLW.NWD552320-1_2AMP-FLOWCELL-HF72FCCXY-HCW3FCCXY-HF5YJCCXY-HC7V7CCXY	TMSOL	TMSOL_batch19a	/stornext/snfs0/next-gen/HgVMerge/TMSOLW.NWD552320-1_2AMP-FLOWCELL-HF72FCCXY-HCW3FCCXY-HF5YJCCXY-HC7V7CCXY	TMSOLW.NWD552320-1_2AMP-FLOWCELL-HF72FCCXY-HCW3FCCXY-HF5YJCCXY-HC7V7CCXY.hgv.cram	NWD552320.hgv.cram	/stornext/snfs0/next-gen/HgVMerge/TMSOLW.NWD552320-1_2AMP-FLOWCELL-HF72FCCXY-HCW3FCCXY-HF5YJCCXY-HC7V7CCXY/MEDefn.json	/stornext/snfs0/next-gen/HgVMerge/TMSOLW.NWD552320-1_2AMP-FLOWCELL-HF72FCCXY-HCW3FCCXY-HF5YJCCXY-HC7V7CCXY/TMSOLW.NWD552320-1_2AMP-FLOWCELL-HF72FCCXY-HCW3FCCXY-HF5YJCCXY-HC7V7CCXY.hgv.cram
NWD554344	TMSOLW.NWD554344-1_2AMP-FLOWCELL-HCVHCCCXY-HCVHGCCXY-HCWHTCCXY-HFCNHCCXY	TMSOL	TMSOL_batch19a	/stornext/snfs0/next-gen/HgVMerge/TMSOLW.NWD554344-1_2AMP-FLOWCELL-HCVHCCCXY-HCVHGCCXY-HCWHTCCXY-HFCNHCCXY	TMSOLW.NWD554344-1_2AMP-FLOWCELL-HCVHCCCXY-HCVHGCCXY-HCWHTCCXY-HFCNHCCXY.hgv.cram	NWD554344.hgv.cram	/stornext/snfs0/next-gen/HgVMerge/TMSOLW.NWD554344-1_2AMP-FLOWCELL-HCVHCCCXY-HCVHGCCXY-HCWHTCCXY-HFCNHCCXY/MEDefn.json	/stornext/snfs0/next-gen/HgVMerge/TMSOLW.NWD554344-1_2AMP-FLOWCELL-HCVHCCCXY-HCVHGCCXY-HCWHTCCXY-HFCNHCCXY/TMSOLW.NWD554344-1_2AMP-FLOWCELL-HCVHCCCXY-HCVHGCCXY-HCWHTCCXY-HFCNHCCXY.hgv.cram
NWD557148	TMSOLW.NWD557148-1_2AMP-FLOWCELL-HF72FCCXY-HCW3FCCXY-HF5YJCCXY-HC7V7CCXY	TMSOL	TMSOL_batch19a	/stornext/snfs0/next-gen/HgVMerge/TMSOLW.NWD557148-1_2AMP-FLOWCELL-HF72FCCXY-HCW3FCCXY-HF5YJCCXY-HC7V7CCXY	TMSOLW.NWD557148-1_2AMP-FLOWCELL-HF72FCCXY-HCW3FCCXY-HF5YJCCXY-HC7V7CCXY.hgv.cram	NWD557148.hgv.cram	/stornext/snfs0/next-gen/HgVMerge/TMSOLW.NWD557148-1_2AMP-FLOWCELL-HF72FCCXY-HCW3FCCXY-HF5YJCCXY-HC7V7CCXY/MEDefn.json	/stornext/snfs0/next-gen/HgVMerge/TMSOLW.NWD557148-1_2AMP-FLOWCELL-HF72FCCXY-HCW3FCCXY-HF5YJCCXY-HC7V7CCXY/TMSOLW.NWD557148-1_2AMP-FLOWCELL-HF72FCCXY-HCW3FCCXY-HF5YJCCXY-HC7V7CCXY.hgv.cram
NWD568320	TMSOLW.NWD568320-1_2AMP-FLOWCELL-HCVHCCCXY-HCVHGCCXY-HCWHTCCXY-HFCNHCCXY	TMSOL	TMSOL_batch19a	/stornext/snfs0/next-gen/HgVMerge/TMSOLW.NWD568320-1_2AMP-FLOWCELL-HCVHCCCXY-HCVHGCCXY-HCWHTCCXY-HFCNHCCXY	TMSOLW.NWD568320-1_2AMP-FLOWCELL-HCVHCCCXY-HCVHGCCXY-HCWHTCCXY-HFCNHCCXY.hgv.cram	NWD568320.hgv.cram	/stornext/snfs0/next-gen/HgVMerge/TMSOLW.NWD568320-1_2AMP-FLOWCELL-HCVHCCCXY-HCVHGCCXY-HCWHTCCXY-HFCNHCCXY/MEDefn.json	/stornext/snfs0/next-gen/HgVMerge/TMSOLW.NWD568320-1_2AMP-FLOWCELL-HCVHCCCXY-HCVHGCCXY-HCWHTCCXY-HFCNHCCXY/TMSOLW.NWD568320-1_2AMP-FLOWCELL-HCVHCCCXY-HCVHGCCXY-HCWHTCCXY-HFCNHCCXY.hgv.cram
NWD574542	TMSOLW.NWD574542-1_2AMP-FLOWCELL-HCW3LCCXY-HCWHTCCXY-HFCNHCCXY-HCV77CCXY	TMSOL	TMSOL_batch19a	/stornext/snfs0/next-gen/HgVMerge/TMSOLW.NWD574542-1_2AMP-FLOWCELL-HCW3LCCXY-HCWHTCCXY-HFCNHCCXY-HCV77CCXY	TMSOLW.NWD574542-1_2AMP-FLOWCELL-HCW3LCCXY-HCWHTCCXY-HFCNHCCXY-HCV77CCXY.hgv.cram	NWD574542.hgv.cram	/stornext/snfs0/next-gen/HgVMerge/TMSOLW.NWD574542-1_2AMP-FLOWCELL-HCW3LCCXY-HCWHTCCXY-HFCNHCCXY-HCV77CCXY/MEDefn.json	/stornext/snfs0/next-gen/HgVMerge/TMSOLW.NWD574542-1_2AMP-FLOWCELL-HCW3LCCXY-HCWHTCCXY-HFCNHCCXY-HCV77CCXY/TMSOLW.NWD574542-1_2AMP-FLOWCELL-HCW3LCCXY-HCWHTCCXY-HFCNHCCXY-HCV77CCXY.hgv.cram
NWD601906	TMSOLW.NWD601906-1_2AMP-FLOWCELL-HCW3LCCXY-HCWHTCCXY-HFCNHCCXY-HCV77CCXY	TMSOL	TMSOL_batch19a	/stornext/snfs0/next-gen/HgVMerge/TMSOLW.NWD601906-1_2AMP-FLOWCELL-HCW3LCCXY-HCWHTCCXY-HFCNHCCXY-HCV77CCXY	TMSOLW.NWD601906-1_2AMP-FLOWCELL-HCW3LCCXY-HCWHTCCXY-HFCNHCCXY-HCV77CCXY.hgv.cram	NWD601906.hgv.cram	/stornext/snfs0/next-gen/HgVMerge/TMSOLW.NWD601906-1_2AMP-FLOWCELL-HCW3LCCXY-HCWHTCCXY-HFCNHCCXY-HCV77CCXY/MEDefn.json	/stornext/snfs0/next-gen/HgVMerge/TMSOLW.NWD601906-1_2AMP-FLOWCELL-HCW3LCCXY-HCWHTCCXY-HFCNHCCXY-HCV77CCXY/TMSOLW.NWD601906-1_2AMP-FLOWCELL-HCW3LCCXY-HCWHTCCXY-HFCNHCCXY-HCV77CCXY.hgv.cram
NWD602416	TMSOLW.NWD602416-1_2AMP-FLOWCELL-HF72FCCXY-HCW3FCCXY-HF5YJCCXY-HC7V7CCXY	TMSOL	TMSOL_batch19a	/stornext/snfs0/next-gen/HgVMerge/TMSOLW.NWD602416-1_2AMP-FLOWCELL-HF72FCCXY-HCW3FCCXY-HF5YJCCXY-HC7V7CCXY	TMSOLW.NWD602416-1_2AMP-FLOWCELL-HF72FCCXY-HCW3FCCXY-HF5YJCCXY-HC7V7CCXY.hgv.cram	NWD602416.hgv.cram	/stornext/snfs0/next-gen/HgVMerge/TMSOLW.NWD602416-1_2AMP-FLOWCELL-HF72FCCXY-HCW3FCCXY-HF5YJCCXY-HC7V7CCXY/MEDefn.json	/stornext/snfs0/next-gen/HgVMerge/TMSOLW.NWD602416-1_2AMP-FLOWCELL-HF72FCCXY-HCW3FCCXY-HF5YJCCXY-HC7V7CCXY/TMSOLW.NWD602416-1_2AMP-FLOWCELL-HF72FCCXY-HCW3FCCXY-HF5YJCCXY-HC7V7CCXY.hgv.cram
NWD609257	TMSOLW.NWD609257-1_2AMP-FLOWCELL-HF72FCCXY-HFC22CCXY-HC7V7CCXY-HCW33CCXY	TMSOL	TMSOL_batch19a	/stornext/snfs0/next-gen/HgVMerge/TMSOLW.NWD609257-1_2AMP-FLOWCELL-HF72FCCXY-HFC22CCXY-HC7V7CCXY-HCW33CCXY	TMSOLW.NWD609257-1_2AMP-FLOWCELL-HF72FCCXY-HFC22CCXY-HC7V7CCXY-HCW33CCXY.hgv.cram	NWD609257.hgv.cram	/stornext/snfs0/next-gen/HgVMerge/TMSOLW.NWD609257-1_2AMP-FLOWCELL-HF72FCCXY-HFC22CCXY-HC7V7CCXY-HCW33CCXY/MEDefn.json	/stornext/snfs0/next-gen/HgVMerge/TMSOLW.NWD609257-1_2AMP-FLOWCELL-HF72FCCXY-HFC22CCXY-HC7V7CCXY-HCW33CCXY/TMSOLW.NWD609257-1_2AMP-FLOWCELL-HF72FCCXY-HFC22CCXY-HC7V7CCXY-HCW33CCXY.hgv.cram
NWD625842	TMSOLW.NWD625842-1_2AMP-FLOWCELL-HCVGTCCXY-HCVJCCCXY-HCWJHCCXY-HCWHTCCXY-HFCNHCCXY	TMSOL	TMSOL_batch19a	/stornext/snfs0/next-gen/HgVMerge/TMSOLW.NWD625842-1_2AMP-FLOWCELL-HCVGTCCXY-HCVJCCCXY-HCWJHCCXY-HCWHTCCXY-HFCNHCCXY	TMSOLW.NWD625842-1_2AMP-FLOWCELL-HCVGTCCXY-HCVJCCCXY-HCWJHCCXY-HCWHTCCXY-HFCNHCCXY.hgv.cram	NWD625842.hgv.cram	/stornext/snfs0/next-gen/HgVMerge/TMSOLW.NWD625842-1_2AMP-FLOWCELL-HCVGTCCXY-HCVJCCCXY-HCWJHCCXY-HCWHTCCXY-HFCNHCCXY/MEDefn.json	/stornext/snfs0/next-gen/HgVMerge/TMSOLW.NWD625842-1_2AMP-FLOWCELL-HCVGTCCXY-HCVJCCCXY-HCWJHCCXY-HCWHTCCXY-HFCNHCCXY/TMSOLW.NWD625842-1_2AMP-FLOWCELL-HCVGTCCXY-HCVJCCCXY-HCWJHCCXY-HCWHTCCXY-HFCNHCCXY.hgv.cram
NWD628322	TMSOLW.NWD628322-1_2AMP-FLOWCELL-HCVGTCCXY-HCVJCCCXY-HCWJHCCXY-HCWHTCCXY-HFCNHCCXY	TMSOL	TMSOL_batch19a	/stornext/snfs0/next-gen/HgVMerge/TMSOLW.NWD628322-1_2AMP-FLOWCELL-HCVGTCCXY-HCVJCCCXY-HCWJHCCXY-HCWHTCCXY-HFCNHCCXY	TMSOLW.NWD628322-1_2AMP-FLOWCELL-HCVGTCCXY-HCVJCCCXY-HCWJHCCXY-HCWHTCCXY-HFCNHCCXY.hgv.cram	NWD628322.hgv.cram	/stornext/snfs0/next-gen/HgVMerge/TMSOLW.NWD628322-1_2AMP-FLOWCELL-HCVGTCCXY-HCVJCCCXY-HCWJHCCXY-HCWHTCCXY-HFCNHCCXY/MEDefn.json	/stornext/snfs0/next-gen/HgVMerge/TMSOLW.NWD628322-1_2AMP-FLOWCELL-HCVGTCCXY-HCVJCCCXY-HCWJHCCXY-HCWHTCCXY-HFCNHCCXY/TMSOLW.NWD628322-1_2AMP-FLOWCELL-HCVGTCCXY-HCVJCCCXY-HCWJHCCXY-HCWHTCCXY-HFCNHCCXY.hgv.cram
NWD636872	TMSOLW.NWD636872-1_2AMP-FLOWCELL-HF72FCCXY-HCW3FCCXY-HF5YJCCXY-HC7V7CCXY	TMSOL	TMSOL_batch19a	/stornext/snfs0/next-gen/HgVMerge/TMSOLW.NWD636872-1_2AMP-FLOWCELL-HF72FCCXY-HCW3FCCXY-HF5YJCCXY-HC7V7CCXY	TMSOLW.NWD636872-1_2AMP-FLOWCELL-HF72FCCXY-HCW3FCCXY-HF5YJCCXY-HC7V7CCXY.hgv.cram	NWD636872.hgv.cram	/stornext/snfs0/next-gen/HgVMerge/TMSOLW.NWD636872-1_2AMP-FLOWCELL-HF72FCCXY-HCW3FCCXY-HF5YJCCXY-HC7V7CCXY/MEDefn.json	/stornext/snfs0/next-gen/HgVMerge/TMSOLW.NWD636872-1_2AMP-FLOWCELL-HF72FCCXY-HCW3FCCXY-HF5YJCCXY-HC7V7CCXY/TMSOLW.NWD636872-1_2AMP-FLOWCELL-HF72FCCXY-HCW3FCCXY-HF5YJCCXY-HC7V7CCXY.hgv.cram
NWD690432	TMSOLW.NWD690432-1_2AMP-FLOWCELL-HCVHCCCXY-HCVHGCCXY-HCWHTCCXY-HFCNHCCXY	TMSOL	TMSOL_batch19a	/stornext/snfs0/next-gen/HgVMerge/TMSOLW.NWD690432-1_2AMP-FLOWCELL-HCVHCCCXY-HCVHGCCXY-HCWHTCCXY-HFCNHCCXY	TMSOLW.NWD690432-1_2AMP-FLOWCELL-HCVHCCCXY-HCVHGCCXY-HCWHTCCXY-HFCNHCCXY.hgv.cram	NWD690432.hgv.cram	/stornext/snfs0/next-gen/HgVMerge/TMSOLW.NWD690432-1_2AMP-FLOWCELL-HCVHCCCXY-HCVHGCCXY-HCWHTCCXY-HFCNHCCXY/MEDefn.json	/stornext/snfs0/next-gen/HgVMerge/TMSOLW.NWD690432-1_2AMP-FLOWCELL-HCVHCCCXY-HCVHGCCXY-HCWHTCCXY-HFCNHCCXY/TMSOLW.NWD690432-1_2AMP-FLOWCELL-HCVHCCCXY-HCVHGCCXY-HCWHTCCXY-HFCNHCCXY.hgv.cram
NWD690706	TMSOLW.NWD690706-1_2AMP-FLOWCELL-HCVHCCCXY-HCVHGCCXY-HCWHTCCXY-HFCNHCCXY	TMSOL	TMSOL_batch19a	/stornext/snfs0/next-gen/HgVMerge/TMSOLW.NWD690706-1_2AMP-FLOWCELL-HCVHCCCXY-HCVHGCCXY-HCWHTCCXY-HFCNHCCXY	TMSOLW.NWD690706-1_2AMP-FLOWCELL-HCVHCCCXY-HCVHGCCXY-HCWHTCCXY-HFCNHCCXY.hgv.cram	NWD690706.hgv.cram	/stornext/snfs0/next-gen/HgVMerge/TMSOLW.NWD690706-1_2AMP-FLOWCELL-HCVHCCCXY-HCVHGCCXY-HCWHTCCXY-HFCNHCCXY/MEDefn.json	/stornext/snfs0/next-gen/HgVMerge/TMSOLW.NWD690706-1_2AMP-FLOWCELL-HCVHCCCXY-HCVHGCCXY-HCWHTCCXY-HFCNHCCXY/TMSOLW.NWD690706-1_2AMP-FLOWCELL-HCVHCCCXY-HCVHGCCXY-HCWHTCCXY-HFCNHCCXY.hgv.cram
NWD696545	TMSOLW.NWD696545-1_2AMP-FLOWCELL-HCW3LCCXY-HCWHTCCXY-HFCNHCCXY-HCV77CCXY	TMSOL	TMSOL_batch19a	/stornext/snfs0/next-gen/HgVMerge/TMSOLW.NWD696545-1_2AMP-FLOWCELL-HCW3LCCXY-HCWHTCCXY-HFCNHCCXY-HCV77CCXY	TMSOLW.NWD696545-1_2AMP-FLOWCELL-HCW3LCCXY-HCWHTCCXY-HFCNHCCXY-HCV77CCXY.hgv.cram	NWD696545.hgv.cram	/stornext/snfs0/next-gen/HgVMerge/TMSOLW.NWD696545-1_2AMP-FLOWCELL-HCW3LCCXY-HCWHTCCXY-HFCNHCCXY-HCV77CCXY/MEDefn.json	/stornext/snfs0/next-gen/HgVMerge/TMSOLW.NWD696545-1_2AMP-FLOWCELL-HCW3LCCXY-HCWHTCCXY-HFCNHCCXY-HCV77CCXY/TMSOLW.NWD696545-1_2AMP-FLOWCELL-HCW3LCCXY-HCWHTCCXY-HFCNHCCXY-HCV77CCXY.hgv.cram
NWD720240	TMSOLW.NWD720240-1_2AMP-FLOWCELL-HCW7GCCXY-HF5LNCCXY-HC7V7CCXY-HFC7JCCXY	TMSOL	TMSOL_batch19a	/stornext/snfs0/next-gen/HgVMerge/TMSOLW.NWD720240-1_2AMP-FLOWCELL-HCW7GCCXY-HF5LNCCXY-HC7V7CCXY-HFC7JCCXY	TMSOLW.NWD720240-1_2AMP-FLOWCELL-HCW7GCCXY-HF5LNCCXY-HC7V7CCXY-HFC7JCCXY.hgv.cram	NWD720240.hgv.cram	/stornext/snfs0/next-gen/HgVMerge/TMSOLW.NWD720240-1_2AMP-FLOWCELL-HCW7GCCXY-HF5LNCCXY-HC7V7CCXY-HFC7JCCXY/MEDefn.json	/stornext/snfs0/next-gen/HgVMerge/TMSOLW.NWD720240-1_2AMP-FLOWCELL-HCW7GCCXY-HF5LNCCXY-HC7V7CCXY-HFC7JCCXY/TMSOLW.NWD720240-1_2AMP-FLOWCELL-HCW7GCCXY-HF5LNCCXY-HC7V7CCXY-HFC7JCCXY.hgv.cram
NWD727139	TMSOLW.NWD727139-1_2AMP-FLOWCELL-HCW7GCCXY-HF5LNCCXY-HC7V7CCXY-HFC7JCCXY	TMSOL	TMSOL_batch19a	/stornext/snfs0/next-gen/HgVMerge/TMSOLW.NWD727139-1_2AMP-FLOWCELL-HCW7GCCXY-HF5LNCCXY-HC7V7CCXY-HFC7JCCXY	TMSOLW.NWD727139-1_2AMP-FLOWCELL-HCW7GCCXY-HF5LNCCXY-HC7V7CCXY-HFC7JCCXY.hgv.cram	NWD727139.hgv.cram	/stornext/snfs0/next-gen/HgVMerge/TMSOLW.NWD727139-1_2AMP-FLOWCELL-HCW7GCCXY-HF5LNCCXY-HC7V7CCXY-HFC7JCCXY/MEDefn.json	/stornext/snfs0/next-gen/HgVMerge/TMSOLW.NWD727139-1_2AMP-FLOWCELL-HCW7GCCXY-HF5LNCCXY-HC7V7CCXY-HFC7JCCXY/TMSOLW.NWD727139-1_2AMP-FLOWCELL-HCW7GCCXY-HF5LNCCXY-HC7V7CCXY-HFC7JCCXY.hgv.cram
NWD739791	TMSOLW.NWD739791-1_2AMP-FLOWCELL-HCW7GCCXY-HF5LNCCXY-HC7V7CCXY-HFC7JCCXY	TMSOL	TMSOL_batch19a	/stornext/snfs0/next-gen/HgVMerge/TMSOLW.NWD739791-1_2AMP-FLOWCELL-HCW7GCCXY-HF5LNCCXY-HC7V7CCXY-HFC7JCCXY	TMSOLW.NWD739791-1_2AMP-FLOWCELL-HCW7GCCXY-HF5LNCCXY-HC7V7CCXY-HFC7JCCXY.hgv.cram	NWD739791.hgv.cram	/stornext/snfs0/next-gen/HgVMerge/TMSOLW.NWD739791-1_2AMP-FLOWCELL-HCW7GCCXY-HF5LNCCXY-HC7V7CCXY-HFC7JCCXY/MEDefn.json	/stornext/snfs0/next-gen/HgVMerge/TMSOLW.NWD739791-1_2AMP-FLOWCELL-HCW7GCCXY-HF5LNCCXY-HC7V7CCXY-HFC7JCCXY/TMSOLW.NWD739791-1_2AMP-FLOWCELL-HCW7GCCXY-HF5LNCCXY-HC7V7CCXY-HFC7JCCXY.hgv.cram
NWD760536	TMSOLW.NWD760536-1_2AMP-FLOWCELL-HCVCCCCXY-HF72VCCXY-HC7V7CCXY-HFC7JCCXY	TMSOL	TMSOL_batch19a	/stornext/snfs0/next-gen/HgVMerge/TMSOLW.NWD760536-1_2AMP-FLOWCELL-HCVCCCCXY-HF72VCCXY-HC7V7CCXY-HFC7JCCXY	TMSOLW.NWD760536-1_2AMP-FLOWCELL-HCVCCCCXY-HF72VCCXY-HC7V7CCXY-HFC7JCCXY.hgv.cram	NWD760536.hgv.cram	/stornext/snfs0/next-gen/HgVMerge/TMSOLW.NWD760536-1_2AMP-FLOWCELL-HCVCCCCXY-HF72VCCXY-HC7V7CCXY-HFC7JCCXY/MEDefn.json	/stornext/snfs0/next-gen/HgVMerge/TMSOLW.NWD760536-1_2AMP-FLOWCELL-HCVCCCCXY-HF72VCCXY-HC7V7CCXY-HFC7JCCXY/TMSOLW.NWD760536-1_2AMP-FLOWCELL-HCVCCCCXY-HF72VCCXY-HC7V7CCXY-HFC7JCCXY.hgv.cram
NWD781025	TMSOLW.NWD781025-1_2AMP-FLOWCELL-HCVCCCCXY-HC7V7CCXY-HF72VCCXY-HFC7JCCXY	TMSOL	TMSOL_batch19a	/stornext/snfs0/next-gen/HgVMerge/TMSOLW.NWD781025-1_2AMP-FLOWCELL-HCVCCCCXY-HC7V7CCXY-HF72VCCXY-HFC7JCCXY	TMSOLW.NWD781025-1_2AMP-FLOWCELL-HCVCCCCXY-HC7V7CCXY-HF72VCCXY-HFC7JCCXY.hgv.cram	NWD781025.hgv.cram	/stornext/snfs0/next-gen/HgVMerge/TMSOLW.NWD781025-1_2AMP-FLOWCELL-HCVCCCCXY-HC7V7CCXY-HF72VCCXY-HFC7JCCXY/MEDefn.json	/stornext/snfs0/next-gen/HgVMerge/TMSOLW.NWD781025-1_2AMP-FLOWCELL-HCVCCCCXY-HC7V7CCXY-HF72VCCXY-HFC7JCCXY/TMSOLW.NWD781025-1_2AMP-FLOWCELL-HCVCCCCXY-HC7V7CCXY-HF72VCCXY-HFC7JCCXY.hgv.cram
NWD781344	TMSOLW.NWD781344-1_2AMP-FLOWCELL-HCVGTCCXY-HCVJCCCXY-HCWJHCCXY-HCWHTCCXY-HFCNHCCXY	TMSOL	TMSOL_batch19a	/stornext/snfs0/next-gen/HgVMerge/TMSOLW.NWD781344-1_2AMP-FLOWCELL-HCVGTCCXY-HCVJCCCXY-HCWJHCCXY-HCWHTCCXY-HFCNHCCXY	TMSOLW.NWD781344-1_2AMP-FLOWCELL-HCVGTCCXY-HCVJCCCXY-HCWJHCCXY-HCWHTCCXY-HFCNHCCXY.hgv.cram	NWD781344.hgv.cram	/stornext/snfs0/next-gen/HgVMerge/TMSOLW.NWD781344-1_2AMP-FLOWCELL-HCVGTCCXY-HCVJCCCXY-HCWJHCCXY-HCWHTCCXY-HFCNHCCXY/MEDefn.json	/stornext/snfs0/next-gen/HgVMerge/TMSOLW.NWD781344-1_2AMP-FLOWCELL-HCVGTCCXY-HCVJCCCXY-HCWJHCCXY-HCWHTCCXY-HFCNHCCXY/TMSOLW.NWD781344-1_2AMP-FLOWCELL-HCVGTCCXY-HCVJCCCXY-HCWJHCCXY-HCWHTCCXY-HFCNHCCXY.hgv.cram
NWD818738	TMSOLW.NWD818738-1_2AMP-FLOWCELL-HF72FCCXY-HFC22CCXY-HC7V7CCXY-HCW33CCXY	TMSOL	TMSOL_batch19a	/stornext/snfs0/next-gen/HgVMerge/TMSOLW.NWD818738-1_2AMP-FLOWCELL-HF72FCCXY-HFC22CCXY-HC7V7CCXY-HCW33CCXY	TMSOLW.NWD818738-1_2AMP-FLOWCELL-HF72FCCXY-HFC22CCXY-HC7V7CCXY-HCW33CCXY.hgv.cram	NWD818738.hgv.cram	/stornext/snfs0/next-gen/HgVMerge/TMSOLW.NWD818738-1_2AMP-FLOWCELL-HF72FCCXY-HFC22CCXY-HC7V7CCXY-HCW33CCXY/MEDefn.json	/stornext/snfs0/next-gen/HgVMerge/TMSOLW.NWD818738-1_2AMP-FLOWCELL-HF72FCCXY-HFC22CCXY-HC7V7CCXY-HCW33CCXY/TMSOLW.NWD818738-1_2AMP-FLOWCELL-HF72FCCXY-HFC22CCXY-HC7V7CCXY-HCW33CCXY.hgv.cram
NWD825263	TMSOLW.NWD825263-1_2AMP-FLOWCELL-HF72FCCXY-HFC22CCXY-HC7V7CCXY-HCW33CCXY	TMSOL	TMSOL_batch19a	/stornext/snfs0/next-gen/HgVMerge/TMSOLW.NWD825263-1_2AMP-FLOWCELL-HF72FCCXY-HFC22CCXY-HC7V7CCXY-HCW33CCXY	TMSOLW.NWD825263-1_2AMP-FLOWCELL-HF72FCCXY-HFC22CCXY-HC7V7CCXY-HCW33CCXY.hgv.cram	NWD825263.hgv.cram	/stornext/snfs0/next-gen/HgVMerge/TMSOLW.NWD825263-1_2AMP-FLOWCELL-HF72FCCXY-HFC22CCXY-HC7V7CCXY-HCW33CCXY/MEDefn.json	/stornext/snfs0/next-gen/HgVMerge/TMSOLW.NWD825263-1_2AMP-FLOWCELL-HF72FCCXY-HFC22CCXY-HC7V7CCXY-HCW33CCXY/TMSOLW.NWD825263-1_2AMP-FLOWCELL-HF72FCCXY-HFC22CCXY-HC7V7CCXY-HCW33CCXY.hgv.cram
NWD825624	TMSOLW.NWD825624-1_2AMP-FLOWCELL-HF72FCCXY-HCW3FCCXY-HF5YJCCXY-HC7V7CCXY	TMSOL	TMSOL_batch19a	/stornext/snfs0/next-gen/HgVMerge/TMSOLW.NWD825624-1_2AMP-FLOWCELL-HF72FCCXY-HCW3FCCXY-HF5YJCCXY-HC7V7CCXY	TMSOLW.NWD825624-1_2AMP-FLOWCELL-HF72FCCXY-HCW3FCCXY-HF5YJCCXY-HC7V7CCXY.hgv.cram	NWD825624.hgv.cram	/stornext/snfs0/next-gen/HgVMerge/TMSOLW.NWD825624-1_2AMP-FLOWCELL-HF72FCCXY-HCW3FCCXY-HF5YJCCXY-HC7V7CCXY/MEDefn.json	/stornext/snfs0/next-gen/HgVMerge/TMSOLW.NWD825624-1_2AMP-FLOWCELL-HF72FCCXY-HCW3FCCXY-HF5YJCCXY-HC7V7CCXY/TMSOLW.NWD825624-1_2AMP-FLOWCELL-HF72FCCXY-HCW3FCCXY-HF5YJCCXY-HC7V7CCXY.hgv.cram
NWD830203	TMSOLW.NWD830203-1_2AMP-FLOWCELL-HCW3LCCXY-HCWHTCCXY-HFCNHCCXY-HCV77CCXY	TMSOL	TMSOL_batch19a	/stornext/snfs0/next-gen/HgVMerge/TMSOLW.NWD830203-1_2AMP-FLOWCELL-HCW3LCCXY-HCWHTCCXY-HFCNHCCXY-HCV77CCXY	TMSOLW.NWD830203-1_2AMP-FLOWCELL-HCW3LCCXY-HCWHTCCXY-HFCNHCCXY-HCV77CCXY.hgv.cram	NWD830203.hgv.cram	/stornext/snfs0/next-gen/HgVMerge/TMSOLW.NWD830203-1_2AMP-FLOWCELL-HCW3LCCXY-HCWHTCCXY-HFCNHCCXY-HCV77CCXY/MEDefn.json	/stornext/snfs0/next-gen/HgVMerge/TMSOLW.NWD830203-1_2AMP-FLOWCELL-HCW3LCCXY-HCWHTCCXY-HFCNHCCXY-HCV77CCXY/TMSOLW.NWD830203-1_2AMP-FLOWCELL-HCW3LCCXY-HCWHTCCXY-HFCNHCCXY-HCV77CCXY.hgv.cram
NWD836139	TMSOLW.NWD836139-1_2AMP-FLOWCELL-HF5YLCCXY-HC7V7CCXY-HCWFTCCXY-HF5WLCCXY	TMSOL	TMSOL_batch19a	/stornext/snfs0/next-gen/HgVMerge/TMSOLW.NWD836139-1_2AMP-FLOWCELL-HF5YLCCXY-HC7V7CCXY-HCWFTCCXY-HF5WLCCXY	TMSOLW.NWD836139-1_2AMP-FLOWCELL-HF5YLCCXY-HC7V7CCXY-HCWFTCCXY-HF5WLCCXY.hgv.cram	NWD836139.hgv.cram	/stornext/snfs0/next-gen/HgVMerge/TMSOLW.NWD836139-1_2AMP-FLOWCELL-HF5YLCCXY-HC7V7CCXY-HCWFTCCXY-HF5WLCCXY/MEDefn.json	/stornext/snfs0/next-gen/HgVMerge/TMSOLW.NWD836139-1_2AMP-FLOWCELL-HF5YLCCXY-HC7V7CCXY-HCWFTCCXY-HF5WLCCXY/TMSOLW.NWD836139-1_2AMP-FLOWCELL-HF5YLCCXY-HC7V7CCXY-HCWFTCCXY-HF5WLCCXY.hgv.cram
NWD838073	TMSOLW.NWD838073-1_2AMP-FLOWCELL-HCW7GCCXY-HF5LNCCXY-HC7V7CCXY-HFC7JCCXY	TMSOL	TMSOL_batch19a	/stornext/snfs0/next-gen/HgVMerge/TMSOLW.NWD838073-1_2AMP-FLOWCELL-HCW7GCCXY-HF5LNCCXY-HC7V7CCXY-HFC7JCCXY	TMSOLW.NWD838073-1_2AMP-FLOWCELL-HCW7GCCXY-HF5LNCCXY-HC7V7CCXY-HFC7JCCXY.hgv.cram	NWD838073.hgv.cram	/stornext/snfs0/next-gen/HgVMerge/TMSOLW.NWD838073-1_2AMP-FLOWCELL-HCW7GCCXY-HF5LNCCXY-HC7V7CCXY-HFC7JCCXY/MEDefn.json	/stornext/snfs0/next-gen/HgVMerge/TMSOLW.NWD838073-1_2AMP-FLOWCELL-HCW7GCCXY-HF5LNCCXY-HC7V7CCXY-HFC7JCCXY/TMSOLW.NWD838073-1_2AMP-FLOWCELL-HCW7GCCXY-HF5LNCCXY-HC7V7CCXY-HFC7JCCXY.hgv.cram
NWD840989	TMSOLW.NWD840989-1_2AMP-FLOWCELL-HF72FCCXY-HCW3FCCXY-HF5YJCCXY-HC7V7CCXY	TMSOL	TMSOL_batch19a	/stornext/snfs0/next-gen/HgVMerge/TMSOLW.NWD840989-1_2AMP-FLOWCELL-HF72FCCXY-HCW3FCCXY-HF5YJCCXY-HC7V7CCXY	TMSOLW.NWD840989-1_2AMP-FLOWCELL-HF72FCCXY-HCW3FCCXY-HF5YJCCXY-HC7V7CCXY.hgv.cram	NWD840989.hgv.cram	/stornext/snfs0/next-gen/HgVMerge/TMSOLW.NWD840989-1_2AMP-FLOWCELL-HF72FCCXY-HCW3FCCXY-HF5YJCCXY-HC7V7CCXY/MEDefn.json	/stornext/snfs0/next-gen/HgVMerge/TMSOLW.NWD840989-1_2AMP-FLOWCELL-HF72FCCXY-HCW3FCCXY-HF5YJCCXY-HC7V7CCXY/TMSOLW.NWD840989-1_2AMP-FLOWCELL-HF72FCCXY-HCW3FCCXY-HF5YJCCXY-HC7V7CCXY.hgv.cram
NWD880876	TMSOLW.NWD880876-1_2AMP-FLOWCELL-HCVCCCCXY-HF72VCCXY-HC7V7CCXY-HFC7JCCXY	TMSOL	TMSOL_batch19a	/stornext/snfs0/next-gen/HgVMerge/TMSOLW.NWD880876-1_2AMP-FLOWCELL-HCVCCCCXY-HF72VCCXY-HC7V7CCXY-HFC7JCCXY	TMSOLW.NWD880876-1_2AMP-FLOWCELL-HCVCCCCXY-HF72VCCXY-HC7V7CCXY-HFC7JCCXY.hgv.cram	NWD880876.hgv.cram	/stornext/snfs0/next-gen/HgVMerge/TMSOLW.NWD880876-1_2AMP-FLOWCELL-HCVCCCCXY-HF72VCCXY-HC7V7CCXY-HFC7JCCXY/MEDefn.json	/stornext/snfs0/next-gen/HgVMerge/TMSOLW.NWD880876-1_2AMP-FLOWCELL-HCVCCCCXY-HF72VCCXY-HC7V7CCXY-HFC7JCCXY/TMSOLW.NWD880876-1_2AMP-FLOWCELL-HCVCCCCXY-HF72VCCXY-HC7V7CCXY-HFC7JCCXY.hgv.cram
NWD885277	TMSOLW.NWD885277-1_2AMP-FLOWCELL-HCW7GCCXY-HF5LNCCXY-HC7V7CCXY-HFC7JCCXY	TMSOL	TMSOL_batch19a	/stornext/snfs0/next-gen/HgVMerge/TMSOLW.NWD885277-1_2AMP-FLOWCELL-HCW7GCCXY-HF5LNCCXY-HC7V7CCXY-HFC7JCCXY	TMSOLW.NWD885277-1_2AMP-FLOWCELL-HCW7GCCXY-HF5LNCCXY-HC7V7CCXY-HFC7JCCXY.hgv.cram	NWD885277.hgv.cram	/stornext/snfs0/next-gen/HgVMerge/TMSOLW.NWD885277-1_2AMP-FLOWCELL-HCW7GCCXY-HF5LNCCXY-HC7V7CCXY-HFC7JCCXY/MEDefn.json	/stornext/snfs0/next-gen/HgVMerge/TMSOLW.NWD885277-1_2AMP-FLOWCELL-HCW7GCCXY-HF5LNCCXY-HC7V7CCXY-HFC7JCCXY/TMSOLW.NWD885277-1_2AMP-FLOWCELL-HCW7GCCXY-HF5LNCCXY-HC7V7CCXY-HFC7JCCXY.hgv.cram
NWD886793	TMSOLW.NWD886793-1_2AMP-FLOWCELL-HF72FCCXY-HFC22CCXY-HC7V7CCXY-HCW33CCXY	TMSOL	TMSOL_batch19a	/stornext/snfs0/next-gen/HgVMerge/TMSOLW.NWD886793-1_2AMP-FLOWCELL-HF72FCCXY-HFC22CCXY-HC7V7CCXY-HCW33CCXY	TMSOLW.NWD886793-1_2AMP-FLOWCELL-HF72FCCXY-HFC22CCXY-HC7V7CCXY-HCW33CCXY.hgv.cram	NWD886793.hgv.cram	/stornext/snfs0/next-gen/HgVMerge/TMSOLW.NWD886793-1_2AMP-FLOWCELL-HF72FCCXY-HFC22CCXY-HC7V7CCXY-HCW33CCXY/MEDefn.json	/stornext/snfs0/next-gen/HgVMerge/TMSOLW.NWD886793-1_2AMP-FLOWCELL-HF72FCCXY-HFC22CCXY-HC7V7CCXY-HCW33CCXY/TMSOLW.NWD886793-1_2AMP-FLOWCELL-HF72FCCXY-HFC22CCXY-HC7V7CCXY-HCW33CCXY.hgv.cram
NWD899727	TMSOLW.NWD899727-1_2AMP-FLOWCELL-HCVCCCCXY-HF72VCCXY-HC7V7CCXY-HFC7JCCXY	TMSOL	TMSOL_batch19a	/stornext/snfs0/next-gen/HgVMerge/TMSOLW.NWD899727-1_2AMP-FLOWCELL-HCVCCCCXY-HF72VCCXY-HC7V7CCXY-HFC7JCCXY	TMSOLW.NWD899727-1_2AMP-FLOWCELL-HCVCCCCXY-HF72VCCXY-HC7V7CCXY-HFC7JCCXY.hgv.cram	NWD899727.hgv.cram	/stornext/snfs0/next-gen/HgVMerge/TMSOLW.NWD899727-1_2AMP-FLOWCELL-HCVCCCCXY-HF72VCCXY-HC7V7CCXY-HFC7JCCXY/MEDefn.json	/stornext/snfs0/next-gen/HgVMerge/TMSOLW.NWD899727-1_2AMP-FLOWCELL-HCVCCCCXY-HF72VCCXY-HC7V7CCXY-HFC7JCCXY/TMSOLW.NWD899727-1_2AMP-FLOWCELL-HCVCCCCXY-HF72VCCXY-HC7V7CCXY-HFC7JCCXY.hgv.cram
NWD915258	TMSOLW.NWD915258-1_2AMP-FLOWCELL-HCW3LCCXY-HCWHTCCXY-HFCNHCCXY-HCV77CCXY	TMSOL	TMSOL_batch19a	/stornext/snfs0/next-gen/HgVMerge/TMSOLW.NWD915258-1_2AMP-FLOWCELL-HCW3LCCXY-HCWHTCCXY-HFCNHCCXY-HCV77CCXY	TMSOLW.NWD915258-1_2AMP-FLOWCELL-HCW3LCCXY-HCWHTCCXY-HFCNHCCXY-HCV77CCXY.hgv.cram	NWD915258.hgv.cram	/stornext/snfs0/next-gen/HgVMerge/TMSOLW.NWD915258-1_2AMP-FLOWCELL-HCW3LCCXY-HCWHTCCXY-HFCNHCCXY-HCV77CCXY/MEDefn.json	/stornext/snfs0/next-gen/HgVMerge/TMSOLW.NWD915258-1_2AMP-FLOWCELL-HCW3LCCXY-HCWHTCCXY-HFCNHCCXY-HCV77CCXY/TMSOLW.NWD915258-1_2AMP-FLOWCELL-HCW3LCCXY-HCWHTCCXY-HFCNHCCXY-HCV77CCXY.hgv.cram
NWD918813	TMSOLW.NWD918813-1_2AMP-FLOWCELL-HF72FCCXY-HFC22CCXY-HC7V7CCXY-HCW33CCXY	TMSOL	TMSOL_batch19a	/stornext/snfs0/next-gen/HgVMerge/TMSOLW.NWD918813-1_2AMP-FLOWCELL-HF72FCCXY-HFC22CCXY-HC7V7CCXY-HCW33CCXY	TMSOLW.NWD918813-1_2AMP-FLOWCELL-HF72FCCXY-HFC22CCXY-HC7V7CCXY-HCW33CCXY.hgv.cram	NWD918813.hgv.cram	/stornext/snfs0/next-gen/HgVMerge/TMSOLW.NWD918813-1_2AMP-FLOWCELL-HF72FCCXY-HFC22CCXY-HC7V7CCXY-HCW33CCXY/MEDefn.json	/stornext/snfs0/next-gen/HgVMerge/TMSOLW.NWD918813-1_2AMP-FLOWCELL-HF72FCCXY-HFC22CCXY-HC7V7CCXY-HCW33CCXY/TMSOLW.NWD918813-1_2AMP-FLOWCELL-HF72FCCXY-HFC22CCXY-HC7V7CCXY-HCW33CCXY.hgv.cram
NWD929702	TMSOLW.NWD929702-1_2AMP-FLOWCELL-HF5YLCCXY-HC7V7CCXY-HCWFTCCXY-HF5WLCCXY	TMSOL	TMSOL_batch19a	/stornext/snfs0/next-gen/HgVMerge/TMSOLW.NWD929702-1_2AMP-FLOWCELL-HF5YLCCXY-HC7V7CCXY-HCWFTCCXY-HF5WLCCXY	TMSOLW.NWD929702-1_2AMP-FLOWCELL-HF5YLCCXY-HC7V7CCXY-HCWFTCCXY-HF5WLCCXY.hgv.cram	NWD929702.hgv.cram	/stornext/snfs0/next-gen/HgVMerge/TMSOLW.NWD929702-1_2AMP-FLOWCELL-HF5YLCCXY-HC7V7CCXY-HCWFTCCXY-HF5WLCCXY/MEDefn.json	/stornext/snfs0/next-gen/HgVMerge/TMSOLW.NWD929702-1_2AMP-FLOWCELL-HF5YLCCXY-HC7V7CCXY-HCWFTCCXY-HF5WLCCXY/TMSOLW.NWD929702-1_2AMP-FLOWCELL-HF5YLCCXY-HC7V7CCXY-HCWFTCCXY-HF5WLCCXY.hgv.cram
NWD936768	TMSOLW.NWD936768-1_2AMP-FLOWCELL-HCVGTCCXY-HCVJCCCXY-HCWJHCCXY-HCWHTCCXY-HFCNHCCXY	TMSOL	TMSOL_batch19a	/stornext/snfs0/next-gen/HgVMerge/TMSOLW.NWD936768-1_2AMP-FLOWCELL-HCVGTCCXY-HCVJCCCXY-HCWJHCCXY-HCWHTCCXY-HFCNHCCXY	TMSOLW.NWD936768-1_2AMP-FLOWCELL-HCVGTCCXY-HCVJCCCXY-HCWJHCCXY-HCWHTCCXY-HFCNHCCXY.hgv.cram	NWD936768.hgv.cram	/stornext/snfs0/next-gen/HgVMerge/TMSOLW.NWD936768-1_2AMP-FLOWCELL-HCVGTCCXY-HCVJCCCXY-HCWJHCCXY-HCWHTCCXY-HFCNHCCXY/MEDefn.json	/stornext/snfs0/next-gen/HgVMerge/TMSOLW.NWD936768-1_2AMP-FLOWCELL-HCVGTCCXY-HCVJCCCXY-HCWJHCCXY-HCWHTCCXY-HFCNHCCXY/TMSOLW.NWD936768-1_2AMP-FLOWCELL-HCVGTCCXY-HCVJCCCXY-HCWJHCCXY-HCWHTCCXY-HFCNHCCXY.hgv.cram
NWD940572	TMSOLW.NWD940572-1_2AMP-FLOWCELL-HF72FCCXY-HFC22CCXY-HC7V7CCXY-HCW33CCXY	TMSOL	TMSOL_batch19a	/stornext/snfs0/next-gen/HgVMerge/TMSOLW.NWD940572-1_2AMP-FLOWCELL-HF72FCCXY-HFC22CCXY-HC7V7CCXY-HCW33CCXY	TMSOLW.NWD940572-1_2AMP-FLOWCELL-HF72FCCXY-HFC22CCXY-HC7V7CCXY-HCW33CCXY.hgv.cram	NWD940572.hgv.cram	/stornext/snfs0/next-gen/HgVMerge/TMSOLW.NWD940572-1_2AMP-FLOWCELL-HF72FCCXY-HFC22CCXY-HC7V7CCXY-HCW33CCXY/MEDefn.json	/stornext/snfs0/next-gen/HgVMerge/TMSOLW.NWD940572-1_2AMP-FLOWCELL-HF72FCCXY-HFC22CCXY-HC7V7CCXY-HCW33CCXY/TMSOLW.NWD940572-1_2AMP-FLOWCELL-HF72FCCXY-HFC22CCXY-HC7V7CCXY-HCW33CCXY.hgv.cram
NWD963668	TMSOLW.NWD963668-1_2AMP-FLOWCELL-HF72FCCXY-HFC22CCXY-HC7V7CCXY-HCW33CCXY	TMSOL	TMSOL_batch19a	/stornext/snfs0/next-gen/HgVMerge/TMSOLW.NWD963668-1_2AMP-FLOWCELL-HF72FCCXY-HFC22CCXY-HC7V7CCXY-HCW33CCXY	TMSOLW.NWD963668-1_2AMP-FLOWCELL-HF72FCCXY-HFC22CCXY-HC7V7CCXY-HCW33CCXY.hgv.cram	NWD963668.hgv.cram	/stornext/snfs0/next-gen/HgVMerge/TMSOLW.NWD963668-1_2AMP-FLOWCELL-HF72FCCXY-HFC22CCXY-HC7V7CCXY-HCW33CCXY/MEDefn.json	/stornext/snfs0/next-gen/HgVMerge/TMSOLW.NWD963668-1_2AMP-FLOWCELL-HF72FCCXY-HFC22CCXY-HC7V7CCXY-HCW33CCXY/TMSOLW.NWD963668-1_2AMP-FLOWCELL-HF72FCCXY-HFC22CCXY-HC7V7CCXY-HCW33CCXY.hgv.cram
NWD983042	TMSOLW.NWD983042-1_2AMP-FLOWCELL-HCVGTCCXY-HCVJCCCXY-HCWJHCCXY-HCWHTCCXY-HFCNHCCXY	TMSOL	TMSOL_batch19a	/stornext/snfs0/next-gen/HgVMerge/TMSOLW.NWD983042-1_2AMP-FLOWCELL-HCVGTCCXY-HCVJCCCXY-HCWJHCCXY-HCWHTCCXY-HFCNHCCXY	TMSOLW.NWD983042-1_2AMP-FLOWCELL-HCVGTCCXY-HCVJCCCXY-HCWJHCCXY-HCWHTCCXY-HFCNHCCXY.hgv.cram	NWD983042.hgv.cram	/stornext/snfs0/next-gen/HgVMerge/TMSOLW.NWD983042-1_2AMP-FLOWCELL-HCVGTCCXY-HCVJCCCXY-HCWJHCCXY-HCWHTCCXY-HFCNHCCXY/MEDefn.json	/stornext/snfs0/next-gen/HgVMerge/TMSOLW.NWD983042-1_2AMP-FLOWCELL-HCVGTCCXY-HCVJCCCXY-HCWJHCCXY-HCWHTCCXY-HFCNHCCXY/TMSOLW.NWD983042-1_2AMP-FLOWCELL-HCVGTCCXY-HCVJCCCXY-HCWJHCCXY-HCWHTCCXY-HFCNHCCXY.hgv.cram
NWD985271	TMSOLW.NWD985271-1_2AMP-FLOWCELL-HCW7GCCXY-HF5LNCCXY-HC7V7CCXY-HFC7JCCXY	TMSOL	TMSOL_batch19a	/stornext/snfs0/next-gen/HgVMerge/TMSOLW.NWD985271-1_2AMP-FLOWCELL-HCW7GCCXY-HF5LNCCXY-HC7V7CCXY-HFC7JCCXY	TMSOLW.NWD985271-1_2AMP-FLOWCELL-HCW7GCCXY-HF5LNCCXY-HC7V7CCXY-HFC7JCCXY.hgv.cram	NWD985271.hgv.cram	/stornext/snfs0/next-gen/HgVMerge/TMSOLW.NWD985271-1_2AMP-FLOWCELL-HCW7GCCXY-HF5LNCCXY-HC7V7CCXY-HFC7JCCXY/MEDefn.json	/stornext/snfs0/next-gen/HgVMerge/TMSOLW.NWD985271-1_2AMP-FLOWCELL-HCW7GCCXY-HF5LNCCXY-HC7V7CCXY-HFC7JCCXY/TMSOLW.NWD985271-1_2AMP-FLOWCELL-HCW7GCCXY-HF5LNCCXY-HC7V7CCXY-HFC7JCCXY.hgv.cram
NWD993802	TMSOLW.NWD993802-1_2AMP-FLOWCELL-HCVCCCCXY-HF72VCCXY-HC7V7CCXY-HFC7JCCXY	TMSOL	TMSOL_batch19a	/stornext/snfs0/next-gen/HgVMerge/TMSOLW.NWD993802-1_2AMP-FLOWCELL-HCVCCCCXY-HF72VCCXY-HC7V7CCXY-HFC7JCCXY	TMSOLW.NWD993802-1_2AMP-FLOWCELL-HCVCCCCXY-HF72VCCXY-HC7V7CCXY-HFC7JCCXY.hgv.cram	NWD993802.hgv.cram	/stornext/snfs0/next-gen/HgVMerge/TMSOLW.NWD993802-1_2AMP-FLOWCELL-HCVCCCCXY-HF72VCCXY-HC7V7CCXY-HFC7JCCXY/MEDefn.json	/stornext/snfs0/next-gen/HgVMerge/TMSOLW.NWD993802-1_2AMP-FLOWCELL-HCVCCCCXY-HF72VCCXY-HC7V7CCXY-HFC7JCCXY/TMSOLW.NWD993802-1_2AMP-FLOWCELL-HCVCCCCXY-HF72VCCXY-HC7V7CCXY-HFC7JCCXY.hgv.cram
NWD995515	TMSOLW.NWD995515-1_2AMP-FLOWCELL-HF5YLCCXY-HC7V7CCXY-HCWFTCCXY-HF5WLCCXY	TMSOL	TMSOL_batch19a	/stornext/snfs0/next-gen/HgVMerge/TMSOLW.NWD995515-1_2AMP-FLOWCELL-HF5YLCCXY-HC7V7CCXY-HCWFTCCXY-HF5WLCCXY	TMSOLW.NWD995515-1_2AMP-FLOWCELL-HF5YLCCXY-HC7V7CCXY-HCWFTCCXY-HF5WLCCXY.hgv.cram	NWD995515.hgv.cram	/stornext/snfs0/next-gen/HgVMerge/TMSOLW.NWD995515-1_2AMP-FLOWCELL-HF5YLCCXY-HC7V7CCXY-HCWFTCCXY-HF5WLCCXY/MEDefn.json	/stornext/snfs0/next-gen/HgVMerge/TMSOLW.NWD995515-1_2AMP-FLOWCELL-HF5YLCCXY-HC7V7CCXY-HCWFTCCXY-HF5WLCCXY/TMSOLW.NWD995515-1_2AMP-FLOWCELL-HF5YLCCXY-HC7V7CCXY-HCWFTCCXY-HF5WLCCXY.hgv.cram
NWD997062	TMSOLW.NWD997062-1_2AMP-FLOWCELL-HCVCCCCXY-HF72VCCXY-HC7V7CCXY-HFC7JCCXY	TMSOL	TMSOL_batch19a	/stornext/snfs0/next-gen/HgVMerge/TMSOLW.NWD997062-1_2AMP-FLOWCELL-HCVCCCCXY-HF72VCCXY-HC7V7CCXY-HFC7JCCXY	TMSOLW.NWD997062-1_2AMP-FLOWCELL-HCVCCCCXY-HF72VCCXY-HC7V7CCXY-HFC7JCCXY.hgv.cram	NWD997062.hgv.cram	/stornext/snfs0/next-gen/HgVMerge/TMSOLW.NWD997062-1_2AMP-FLOWCELL-HCVCCCCXY-HF72VCCXY-HC7V7CCXY-HFC7JCCXY/MEDefn.json	/stornext/snfs0/next-gen/HgVMerge/TMSOLW.NWD997062-1_2AMP-FLOWCELL-HCVCCCCXY-HF72VCCXY-HC7V7CCXY-HFC7JCCXY/TMSOLW.NWD997062-1_2AMP-FLOWCELL-HCVCCCCXY-HF72VCCXY-HC7V7CCXY-HFC7JCCXY.hgv.cram
