sample_id/nwd_id	lane_barcode	hgsc_xfer_subdir	batch	run_name	current_cram_name	new_cram_name	result_path	cram_path
NWD702328	HGH3HCCXY-2	TMSOL	TMSOL_batch24a	171215_E00253_0617_BHGH3HCCXY_2	#N/A	#N/A	/stornext/snfs100/next-gen/Illumina/Instruments/E00253/171215_E00253_0617_BHGH3HCCXY/Results/Project_HGH3HCCXY/Sample_HGH3HCCXY-2	#N/A
NWD555355	HGJHCCCXY-5	TMSOL	TMSOL_batch24a	171215_E00380_0517_AHGJHCCCXY_5	#N/A	#N/A	/stornext/snfs130/next-gen/Illumina/Instruments/E00380/171215_E00380_0517_AHGJHCCCXY/Results/Project_HGJHCCCXY/Sample_HGJHCCCXY-5	#N/A
NWD599383	HGH3HCCXY-7	TMSOL	TMSOL_batch24a	171215_E00253_0617_BHGH3HCCXY_7	#N/A	#N/A	/stornext/snfs100/next-gen/Illumina/Instruments/E00253/171215_E00253_0617_BHGH3HCCXY/Results/Project_HGH3HCCXY/Sample_HGH3HCCXY-7	#N/A
NWD641808	HGH3HCCXY-8	TMSOL	TMSOL_batch24a	171215_E00253_0617_BHGH3HCCXY_8	#N/A	#N/A	/stornext/snfs100/next-gen/Illumina/Instruments/E00253/171215_E00253_0617_BHGH3HCCXY/Results/Project_HGH3HCCXY/Sample_HGH3HCCXY-8	#N/A
NWD237262	HGH3HCCXY-4	TMSOL	TMSOL_batch24a	171215_E00253_0617_BHGH3HCCXY_4	#N/A	#N/A	/stornext/snfs100/next-gen/Illumina/Instruments/E00253/171215_E00253_0617_BHGH3HCCXY/Results/Project_HGH3HCCXY/Sample_HGH3HCCXY-4	#N/A
NWD595869	HGJHCCCXY-6	TMSOL	TMSOL_batch24a	171215_E00380_0517_AHGJHCCCXY_6	#N/A	#N/A	/stornext/snfs130/next-gen/Illumina/Instruments/E00380/171215_E00380_0517_AHGJHCCCXY/Results/Project_HGJHCCCXY/Sample_HGJHCCCXY-6	#N/A
NWD924834	HGHJLCCXY-2	TMSOL	TMSOL_batch24a	171216_ST-E00212_0656_AHGHJLCCXY_2	#N/A	#N/A	/stornext/snfs160/next-gen/Illumina/Instruments/E00212/171216_ST-E00212_0656_AHGHJLCCXY/Results/Project_HGHJLCCXY/Sample_HGHJLCCXY-2	#N/A
NWD483894	HGHJLCCXY-1	TMSOL	TMSOL_batch24a	171216_ST-E00212_0656_AHGHJLCCXY_1	#N/A	#N/A	/stornext/snfs160/next-gen/Illumina/Instruments/E00212/171216_ST-E00212_0656_AHGHJLCCXY/Results/Project_HGHJLCCXY/Sample_HGHJLCCXY-1	#N/A
NWD610825	HGHTFCCXY-5	TMSOL	TMSOL_batch24a	171215_E00380_0518_BHGHTFCCXY_5	#N/A	#N/A	/stornext/snfs130/next-gen/Illumina/Instruments/E00380/171215_E00380_0518_BHGHTFCCXY/Results/Project_HGHTFCCXY/Sample_HGHTFCCXY-5	#N/A
NWD709734	HGJHCCCXY-8	TMSOL	TMSOL_batch24a	171215_E00380_0517_AHGJHCCCXY_8	#N/A	#N/A	/stornext/snfs130/next-gen/Illumina/Instruments/E00380/171215_E00380_0517_AHGJHCCCXY/Results/Project_HGJHCCCXY/Sample_HGJHCCCXY-8	#N/A
NWD611953	HGHTFCCXY-6	TMSOL	TMSOL_batch24a	171215_E00380_0518_BHGHTFCCXY_6	#N/A	#N/A	/stornext/snfs130/next-gen/Illumina/Instruments/E00380/171215_E00380_0518_BHGHTFCCXY/Results/Project_HGHTFCCXY/Sample_HGHTFCCXY-6	#N/A
NWD718902	HGHTFCCXY-8	TMSOL	TMSOL_batch24a	171215_E00380_0518_BHGHTFCCXY_8	#N/A	#N/A	/stornext/snfs130/next-gen/Illumina/Instruments/E00380/171215_E00380_0518_BHGHTFCCXY/Results/Project_HGHTFCCXY/Sample_HGHTFCCXY-8	#N/A
NWD517864	HGHJLCCXY-3	TMSOL	TMSOL_batch24a	171216_ST-E00212_0656_AHGHJLCCXY_3	#N/A	#N/A	/stornext/snfs160/next-gen/Illumina/Instruments/E00212/171216_ST-E00212_0656_AHGHJLCCXY/Results/Project_HGHJLCCXY/Sample_HGHJLCCXY-3	#N/A
NWD551115	HGHTFCCXY-4	TMSOL	TMSOL_batch24a	171215_E00380_0518_BHGHTFCCXY_4	#N/A	#N/A	/stornext/snfs130/next-gen/Illumina/Instruments/E00380/171215_E00380_0518_BHGHTFCCXY/Results/Project_HGHTFCCXY/Sample_HGHTFCCXY-4	#N/A
NWD723738	HGHTFCCXY-2	TMSOL	TMSOL_batch24a	171215_E00380_0518_BHGHTFCCXY_2	#N/A	#N/A	/stornext/snfs130/next-gen/Illumina/Instruments/E00380/171215_E00380_0518_BHGHTFCCXY/Results/Project_HGHTFCCXY/Sample_HGHTFCCXY-2	#N/A
NWD257871	HGHTFCCXY-1	TMSOL	TMSOL_batch24a	171215_E00380_0518_BHGHTFCCXY_1	#N/A	#N/A	/stornext/snfs130/next-gen/Illumina/Instruments/E00380/171215_E00380_0518_BHGHTFCCXY/Results/Project_HGHTFCCXY/Sample_HGHTFCCXY-1	#N/A
NWD938514	HGHTFCCXY-3	TMSOL	TMSOL_batch24a	171215_E00380_0518_BHGHTFCCXY_3	#N/A	#N/A	/stornext/snfs130/next-gen/Illumina/Instruments/E00380/171215_E00380_0518_BHGHTFCCXY/Results/Project_HGHTFCCXY/Sample_HGHTFCCXY-3	#N/A
NWD995201	HH3JCCCXY-5	TMSOL	TMSOL_batch24a	171215_E00385_0556_AHH3JCCCXY_5	#N/A	#N/A	/stornext/snfs110/next-gen/Illumina/Instruments/E00385/171215_E00385_0556_AHH3JCCCXY/Results/Project_HH3JCCCXY/Sample_HH3JCCCXY-5	#N/A
NWD829516	HH3JCCCXY-2	TMSOL	TMSOL_batch24a	171215_E00385_0556_AHH3JCCCXY_2	#N/A	#N/A	/stornext/snfs110/next-gen/Illumina/Instruments/E00385/171215_E00385_0556_AHH3JCCCXY/Results/Project_HH3JCCCXY/Sample_HH3JCCCXY-2	#N/A
NWD905646	HH3JCCCXY-4	TMSOL	TMSOL_batch24a	171215_E00385_0556_AHH3JCCCXY_4	#N/A	#N/A	/stornext/snfs110/next-gen/Illumina/Instruments/E00385/171215_E00385_0556_AHH3JCCCXY/Results/Project_HH3JCCCXY/Sample_HH3JCCCXY-4	#N/A
NWD775060	HH3JCCCXY-1	TMSOL	TMSOL_batch24a	171215_E00385_0556_AHH3JCCCXY_1	#N/A	#N/A	/stornext/snfs110/next-gen/Illumina/Instruments/E00385/171215_E00385_0556_AHH3JCCCXY/Results/Project_HH3JCCCXY/Sample_HH3JCCCXY-1	#N/A
NWD863303	HH3JCCCXY-3	TMSOL	TMSOL_batch24a	171215_E00385_0556_AHH3JCCCXY_3	#N/A	#N/A	/stornext/snfs110/next-gen/Illumina/Instruments/E00385/171215_E00385_0556_AHH3JCCCXY/Results/Project_HH3JCCCXY/Sample_HH3JCCCXY-3	#N/A
NWD889319	HGHJCCCXY-1	TMSOL	TMSOL_batch24a	171216_ST-E00238_0624_AHGHJCCCXY_1	#N/A	#N/A	/stornext/snfs100/next-gen/Illumina/Instruments/E00238/171216_ST-E00238_0624_AHGHJCCCXY/Results/Project_HGHJCCCXY/Sample_HGHJCCCXY-1	#N/A
NWD598937	HGHJCCCXY-2	TMSOL	TMSOL_batch24a	171216_ST-E00238_0624_AHGHJCCCXY_2	#N/A	#N/A	/stornext/snfs100/next-gen/Illumina/Instruments/E00238/171216_ST-E00238_0624_AHGHJCCCXY/Results/Project_HGHJCCCXY/Sample_HGHJCCCXY-2	#N/A
NWD742238	HGHJCCCXY-6	TMSOL	TMSOL_batch24a	171216_ST-E00238_0624_AHGHJCCCXY_6	#N/A	#N/A	/stornext/snfs100/next-gen/Illumina/Instruments/E00238/171216_ST-E00238_0624_AHGHJCCCXY/Results/Project_HGHJCCCXY/Sample_HGHJCCCXY-6	#N/A
NWD579567	HGHJCCCXY-7	TMSOL	TMSOL_batch24a	171216_ST-E00238_0624_AHGHJCCCXY_7	#N/A	#N/A	/stornext/snfs100/next-gen/Illumina/Instruments/E00238/171216_ST-E00238_0624_AHGHJCCCXY/Results/Project_HGHJCCCXY/Sample_HGHJCCCXY-7	#N/A
NWD686568	HGHJCCCXY-4	TMSOL	TMSOL_batch24a	171216_ST-E00238_0624_AHGHJCCCXY_4	#N/A	#N/A	/stornext/snfs100/next-gen/Illumina/Instruments/E00238/171216_ST-E00238_0624_AHGHJCCCXY/Results/Project_HGHJCCCXY/Sample_HGHJCCCXY-4	#N/A
NWD178931	HGHJCCCXY-8	TMSOL	TMSOL_batch24a	171216_ST-E00238_0624_AHGHJCCCXY_8	#N/A	#N/A	/stornext/snfs100/next-gen/Illumina/Instruments/E00238/171216_ST-E00238_0624_AHGHJCCCXY/Results/Project_HGHJCCCXY/Sample_HGHJCCCXY-8	#N/A
NWD257011	HGHJCCCXY-3	TMSOL	TMSOL_batch24a	171216_ST-E00238_0624_AHGHJCCCXY_3	#N/A	#N/A	/stornext/snfs100/next-gen/Illumina/Instruments/E00238/171216_ST-E00238_0624_AHGHJCCCXY/Results/Project_HGHJCCCXY/Sample_HGHJCCCXY-3	#N/A
NWD831773	HGHJCCCXY-5	TMSOL	TMSOL_batch24a	171216_ST-E00238_0624_AHGHJCCCXY_5	#N/A	#N/A	/stornext/snfs100/next-gen/Illumina/Instruments/E00238/171216_ST-E00238_0624_AHGHJCCCXY/Results/Project_HGHJCCCXY/Sample_HGHJCCCXY-5	#N/A
NWD432657	HGHF3CCXY-2	TMSOL	TMSOL_batch24a	171216_ST-E00238_0623_BHGHF3CCXY_2	#N/A	#N/A	/stornext/snfs100/next-gen/Illumina/Instruments/E00238/171216_ST-E00238_0623_BHGHF3CCXY/Results/Project_HGHF3CCXY/Sample_HGHF3CCXY-2	#N/A
NWD759973	HGHF3CCXY-4	TMSOL	TMSOL_batch24a	171216_ST-E00238_0623_BHGHF3CCXY_4	#N/A	#N/A	/stornext/snfs100/next-gen/Illumina/Instruments/E00238/171216_ST-E00238_0623_BHGHF3CCXY/Results/Project_HGHF3CCXY/Sample_HGHF3CCXY-4	#N/A
NWD156087	HGHWYCCXY-2	TMSOL	TMSOL_batch24a	171217_ST-E00186_0659_BHGHWYCCXY_2	#N/A	#N/A	/stornext/snfs130/next-gen/Illumina/Instruments/E00186/171217_ST-E00186_0659_BHGHWYCCXY/Results/Project_HGHWYCCXY/Sample_HGHWYCCXY-2	#N/A
NWD968209	HGHWYCCXY-3	TMSOL	TMSOL_batch24a	171217_ST-E00186_0659_BHGHWYCCXY_3	#N/A	#N/A	/stornext/snfs130/next-gen/Illumina/Instruments/E00186/171217_ST-E00186_0659_BHGHWYCCXY/Results/Project_HGHWYCCXY/Sample_HGHWYCCXY-3	#N/A
NWD606847	HGHWYCCXY-8	TMSOL	TMSOL_batch24a	171217_ST-E00186_0659_BHGHWYCCXY_8	#N/A	#N/A	/stornext/snfs130/next-gen/Illumina/Instruments/E00186/171217_ST-E00186_0659_BHGHWYCCXY/Results/Project_HGHWYCCXY/Sample_HGHWYCCXY-8	#N/A
NWD113979	HGHWYCCXY-5	TMSOL	TMSOL_batch24a	171217_ST-E00186_0659_BHGHWYCCXY_5	#N/A	#N/A	/stornext/snfs130/next-gen/Illumina/Instruments/E00186/171217_ST-E00186_0659_BHGHWYCCXY/Results/Project_HGHWYCCXY/Sample_HGHWYCCXY-5	#N/A
NWD225215	HGHWYCCXY-6	TMSOL	TMSOL_batch24a	171217_ST-E00186_0659_BHGHWYCCXY_6	#N/A	#N/A	/stornext/snfs130/next-gen/Illumina/Instruments/E00186/171217_ST-E00186_0659_BHGHWYCCXY/Results/Project_HGHWYCCXY/Sample_HGHWYCCXY-6	#N/A
NWD832438	HGHWYCCXY-7	TMSOL	TMSOL_batch24a	171217_ST-E00186_0659_BHGHWYCCXY_7	#N/A	#N/A	/stornext/snfs130/next-gen/Illumina/Instruments/E00186/171217_ST-E00186_0659_BHGHWYCCXY/Results/Project_HGHWYCCXY/Sample_HGHWYCCXY-7	#N/A
NWD818352	HGHWYCCXY-1	TMSOL	TMSOL_batch24a	171217_ST-E00186_0659_BHGHWYCCXY_1	#N/A	#N/A	/stornext/snfs130/next-gen/Illumina/Instruments/E00186/171217_ST-E00186_0659_BHGHWYCCXY/Results/Project_HGHWYCCXY/Sample_HGHWYCCXY-1	#N/A
NWD391382	HGHWYCCXY-4	TMSOL	TMSOL_batch24a	171217_ST-E00186_0659_BHGHWYCCXY_4	#N/A	#N/A	/stornext/snfs130/next-gen/Illumina/Instruments/E00186/171217_ST-E00186_0659_BHGHWYCCXY/Results/Project_HGHWYCCXY/Sample_HGHWYCCXY-4	#N/A
NWD112619	HGHF3CCXY-6	TMSOL	TMSOL_batch24a	171216_ST-E00238_0623_BHGHF3CCXY_6	#N/A	#N/A	/stornext/snfs100/next-gen/Illumina/Instruments/E00238/171216_ST-E00238_0623_BHGHF3CCXY/Results/Project_HGHF3CCXY/Sample_HGHF3CCXY-6	#N/A
NWD411444	HGHF3CCXY-5	TMSOL	TMSOL_batch24a	171216_ST-E00238_0623_BHGHF3CCXY_5	#N/A	#N/A	/stornext/snfs100/next-gen/Illumina/Instruments/E00238/171216_ST-E00238_0623_BHGHF3CCXY/Results/Project_HGHF3CCXY/Sample_HGHF3CCXY-5	#N/A
NWD560300	HGHF3CCXY-7	TMSOL	TMSOL_batch24a	171216_ST-E00238_0623_BHGHF3CCXY_7	#N/A	#N/A	/stornext/snfs100/next-gen/Illumina/Instruments/E00238/171216_ST-E00238_0623_BHGHF3CCXY/Results/Project_HGHF3CCXY/Sample_HGHF3CCXY-7	#N/A
NWD509219	HGHF3CCXY-1	TMSOL	TMSOL_batch24a	171216_ST-E00238_0623_BHGHF3CCXY_1	#N/A	#N/A	/stornext/snfs100/next-gen/Illumina/Instruments/E00238/171216_ST-E00238_0623_BHGHF3CCXY/Results/Project_HGHF3CCXY/Sample_HGHF3CCXY-1	#N/A
NWD916300	HGHF3CCXY-3	TMSOL	TMSOL_batch24a	171216_ST-E00238_0623_BHGHF3CCXY_3	#N/A	#N/A	/stornext/snfs100/next-gen/Illumina/Instruments/E00238/171216_ST-E00238_0623_BHGHF3CCXY/Results/Project_HGHF3CCXY/Sample_HGHF3CCXY-3	#N/A
NWD315281	HGHF3CCXY-8	TMSOL	TMSOL_batch24a	171216_ST-E00238_0623_BHGHF3CCXY_8	#N/A	#N/A	/stornext/snfs100/next-gen/Illumina/Instruments/E00238/171216_ST-E00238_0623_BHGHF3CCXY/Results/Project_HGHF3CCXY/Sample_HGHF3CCXY-8	#N/A
NWD456237	HGHMMCCXY-3	TMSOL	TMSOL_batch24a	171219_ST-E00212_0659_BHGHMMCCXY_3	#N/A	#N/A	/stornext/snfs160/next-gen/Illumina/Instruments/E00212/171219_ST-E00212_0659_BHGHMMCCXY/Results/Project_HGHMMCCXY/Sample_HGHMMCCXY-3	#N/A
NWD701367	HGHMMCCXY-6	TMSOL	TMSOL_batch24a	171219_ST-E00212_0659_BHGHMMCCXY_6	#N/A	#N/A	/stornext/snfs160/next-gen/Illumina/Instruments/E00212/171219_ST-E00212_0659_BHGHMMCCXY/Results/Project_HGHMMCCXY/Sample_HGHMMCCXY-6	#N/A
NWD421417	HGHMMCCXY-5	TMSOL	TMSOL_batch24a	171219_ST-E00212_0659_BHGHMMCCXY_5	#N/A	#N/A	/stornext/snfs160/next-gen/Illumina/Instruments/E00212/171219_ST-E00212_0659_BHGHMMCCXY/Results/Project_HGHMMCCXY/Sample_HGHMMCCXY-5	#N/A
NWD744256	HGGWMCCXY-5	TMSOL	TMSOL_batch24a	171219_ST-E00212_0658_AHGGWMCCXY_5	#N/A	#N/A	/stornext/snfs160/next-gen/Illumina/Instruments/E00212/171219_ST-E00212_0658_AHGGWMCCXY/Results/Project_HGGWMCCXY/Sample_HGGWMCCXY-5	#N/A
NWD606135	HGHMMCCXY-4	TMSOL	TMSOL_batch24a	171219_ST-E00212_0659_BHGHMMCCXY_4	#N/A	#N/A	/stornext/snfs160/next-gen/Illumina/Instruments/E00212/171219_ST-E00212_0659_BHGHMMCCXY/Results/Project_HGHMMCCXY/Sample_HGHMMCCXY-4	#N/A
NWD726516	HGHMMCCXY-2	TMSOL	TMSOL_batch24a	171219_ST-E00212_0659_BHGHMMCCXY_2	#N/A	#N/A	/stornext/snfs160/next-gen/Illumina/Instruments/E00212/171219_ST-E00212_0659_BHGHMMCCXY/Results/Project_HGHMMCCXY/Sample_HGHMMCCXY-2	#N/A
NWD271363	HGHMMCCXY-7	TMSOL	TMSOL_batch24a	171219_ST-E00212_0659_BHGHMMCCXY_7	#N/A	#N/A	/stornext/snfs160/next-gen/Illumina/Instruments/E00212/171219_ST-E00212_0659_BHGHMMCCXY/Results/Project_HGHMMCCXY/Sample_HGHMMCCXY-7	#N/A
NWD648123	HGGWMCCXY-8	TMSOL	TMSOL_batch24a	171219_ST-E00212_0658_AHGGWMCCXY_8	#N/A	#N/A	/stornext/snfs160/next-gen/Illumina/Instruments/E00212/171219_ST-E00212_0658_AHGGWMCCXY/Results/Project_HGGWMCCXY/Sample_HGGWMCCXY-8	#N/A
NWD836209	HGGWMCCXY-7	TMSOL	TMSOL_batch24a	171219_ST-E00212_0658_AHGGWMCCXY_7	#N/A	#N/A	/stornext/snfs160/next-gen/Illumina/Instruments/E00212/171219_ST-E00212_0658_AHGGWMCCXY/Results/Project_HGGWMCCXY/Sample_HGGWMCCXY-7	#N/A
NWD928141	HGGWMCCXY-2	TMSOL	TMSOL_batch24a	171219_ST-E00212_0658_AHGGWMCCXY_2	#N/A	#N/A	/stornext/snfs160/next-gen/Illumina/Instruments/E00212/171219_ST-E00212_0658_AHGGWMCCXY/Results/Project_HGGWMCCXY/Sample_HGGWMCCXY-2	#N/A
NWD678324	HGGWMCCXY-1	TMSOL	TMSOL_batch24a	171219_ST-E00212_0658_AHGGWMCCXY_1	#N/A	#N/A	/stornext/snfs160/next-gen/Illumina/Instruments/E00212/171219_ST-E00212_0658_AHGGWMCCXY/Results/Project_HGGWMCCXY/Sample_HGGWMCCXY-1	#N/A
NWD322997	HGGWMCCXY-4	TMSOL	TMSOL_batch24a	171219_ST-E00212_0658_AHGGWMCCXY_4	#N/A	#N/A	/stornext/snfs160/next-gen/Illumina/Instruments/E00212/171219_ST-E00212_0658_AHGGWMCCXY/Results/Project_HGGWMCCXY/Sample_HGGWMCCXY-4	#N/A
NWD179139	HGGWMCCXY-6	TMSOL	TMSOL_batch24a	171219_ST-E00212_0658_AHGGWMCCXY_6	#N/A	#N/A	/stornext/snfs160/next-gen/Illumina/Instruments/E00212/171219_ST-E00212_0658_AHGGWMCCXY/Results/Project_HGGWMCCXY/Sample_HGGWMCCXY-6	#N/A
NWD714363	HGHMMCCXY-8	TMSOL	TMSOL_batch24a	171219_ST-E00212_0659_BHGHMMCCXY_8	#N/A	#N/A	/stornext/snfs160/next-gen/Illumina/Instruments/E00212/171219_ST-E00212_0659_BHGHMMCCXY/Results/Project_HGHMMCCXY/Sample_HGHMMCCXY-8	#N/A
NWD854023	HGGWMCCXY-3	TMSOL	TMSOL_batch24a	171219_ST-E00212_0658_AHGGWMCCXY_3	#N/A	#N/A	/stornext/snfs160/next-gen/Illumina/Instruments/E00212/171219_ST-E00212_0658_AHGGWMCCXY/Results/Project_HGGWMCCXY/Sample_HGGWMCCXY-3	#N/A
NWD772557	HGHMMCCXY-1	TMSOL	TMSOL_batch24a	171219_ST-E00212_0659_BHGHMMCCXY_1	#N/A	#N/A	/stornext/snfs160/next-gen/Illumina/Instruments/E00212/171219_ST-E00212_0659_BHGHMMCCXY/Results/Project_HGHMMCCXY/Sample_HGHMMCCXY-1	#N/A
NWD642599	HGHYVCCXY-2	TMSOL	TMSOL_batch24a	171220_E00538_0172_AHGHYVCCXY_2	#N/A	#N/A	/stornext/snfs150/next-gen/Illumina/Instruments/E00538/171220_E00538_0172_AHGHYVCCXY/Results/Project_HGHYVCCXY/Sample_HGHYVCCXY-2	#N/A
NWD722223	HGHYVCCXY-8	TMSOL	TMSOL_batch24a	171220_E00538_0172_AHGHYVCCXY_8	#N/A	#N/A	/stornext/snfs150/next-gen/Illumina/Instruments/E00538/171220_E00538_0172_AHGHYVCCXY/Results/Project_HGHYVCCXY/Sample_HGHYVCCXY-8	#N/A
NWD149340	HGHYVCCXY-5	TMSOL	TMSOL_batch24a	171220_E00538_0172_AHGHYVCCXY_5	#N/A	#N/A	/stornext/snfs150/next-gen/Illumina/Instruments/E00538/171220_E00538_0172_AHGHYVCCXY/Results/Project_HGHYVCCXY/Sample_HGHYVCCXY-5	#N/A
NWD575145	HGHYVCCXY-4	TMSOL	TMSOL_batch24a	171220_E00538_0172_AHGHYVCCXY_4	#N/A	#N/A	/stornext/snfs150/next-gen/Illumina/Instruments/E00538/171220_E00538_0172_AHGHYVCCXY/Results/Project_HGHYVCCXY/Sample_HGHYVCCXY-4	#N/A
NWD880600	HGHYVCCXY-7	TMSOL	TMSOL_batch24a	171220_E00538_0172_AHGHYVCCXY_7	#N/A	#N/A	/stornext/snfs150/next-gen/Illumina/Instruments/E00538/171220_E00538_0172_AHGHYVCCXY/Results/Project_HGHYVCCXY/Sample_HGHYVCCXY-7	#N/A
NWD586469	HGHYVCCXY-1	TMSOL	TMSOL_batch24a	171220_E00538_0172_AHGHYVCCXY_1	#N/A	#N/A	/stornext/snfs150/next-gen/Illumina/Instruments/E00538/171220_E00538_0172_AHGHYVCCXY/Results/Project_HGHYVCCXY/Sample_HGHYVCCXY-1	#N/A
NWD788762	HGHYVCCXY-3	TMSOL	TMSOL_batch24a	171220_E00538_0172_AHGHYVCCXY_3	#N/A	#N/A	/stornext/snfs150/next-gen/Illumina/Instruments/E00538/171220_E00538_0172_AHGHYVCCXY/Results/Project_HGHYVCCXY/Sample_HGHYVCCXY-3	#N/A
NWD864465	HGHYVCCXY-6	TMSOL	TMSOL_batch24a	171220_E00538_0172_AHGHYVCCXY_6	#N/A	#N/A	/stornext/snfs150/next-gen/Illumina/Instruments/E00538/171220_E00538_0172_AHGHYVCCXY/Results/Project_HGHYVCCXY/Sample_HGHYVCCXY-6	#N/A
NWD214626	HHGGTCCXY-3	TMSOL	TMSOL_batch24a	171223_E00546_0258_BHHGGTCCXY_3	#N/A	#N/A	/stornext/snfs140/next-gen/Illumina/Instruments/E00546/171223_E00546_0258_BHHGGTCCXY/Results/Project_HHGGTCCXY/Sample_HHGGTCCXY-3	#N/A
NWD844951	HHGGTCCXY-7	TMSOL	TMSOL_batch24a	171223_E00546_0258_BHHGGTCCXY_7	#N/A	#N/A	/stornext/snfs140/next-gen/Illumina/Instruments/E00546/171223_E00546_0258_BHHGGTCCXY/Results/Project_HHGGTCCXY/Sample_HHGGTCCXY-7	#N/A
NWD951880	HHGGTCCXY-2	TMSOL	TMSOL_batch24a	171223_E00546_0258_BHHGGTCCXY_2	#N/A	#N/A	/stornext/snfs140/next-gen/Illumina/Instruments/E00546/171223_E00546_0258_BHHGGTCCXY/Results/Project_HHGGTCCXY/Sample_HHGGTCCXY-2	#N/A
NWD432724	HHGGTCCXY-5	TMSOL	TMSOL_batch24a	171223_E00546_0258_BHHGGTCCXY_5	#N/A	#N/A	/stornext/snfs140/next-gen/Illumina/Instruments/E00546/171223_E00546_0258_BHHGGTCCXY/Results/Project_HHGGTCCXY/Sample_HHGGTCCXY-5	#N/A
NWD952596	HHGGTCCXY-4	TMSOL	TMSOL_batch24a	171223_E00546_0258_BHHGGTCCXY_4	#N/A	#N/A	/stornext/snfs140/next-gen/Illumina/Instruments/E00546/171223_E00546_0258_BHHGGTCCXY/Results/Project_HHGGTCCXY/Sample_HHGGTCCXY-4	#N/A
NWD854174	HHGGTCCXY-1	TMSOL	TMSOL_batch24a	171223_E00546_0258_BHHGGTCCXY_1	#N/A	#N/A	/stornext/snfs140/next-gen/Illumina/Instruments/E00546/171223_E00546_0258_BHHGGTCCXY/Results/Project_HHGGTCCXY/Sample_HHGGTCCXY-1	#N/A
NWD580071	HHGGTCCXY-8	TMSOL	TMSOL_batch24a	171223_E00546_0258_BHHGGTCCXY_8	#N/A	#N/A	/stornext/snfs140/next-gen/Illumina/Instruments/E00546/171223_E00546_0258_BHHGGTCCXY/Results/Project_HHGGTCCXY/Sample_HHGGTCCXY-8	#N/A
NWD644080	HHGGTCCXY-6	TMSOL	TMSOL_batch24a	171223_E00546_0258_BHHGGTCCXY_6	#N/A	#N/A	/stornext/snfs140/next-gen/Illumina/Instruments/E00546/171223_E00546_0258_BHHGGTCCXY/Results/Project_HHGGTCCXY/Sample_HHGGTCCXY-6	#N/A
NWD458997	HGHJJCCXY-7	TMSOL	TMSOL_batch24a	171220_E00538_0173_BHGHJJCCXY_7	#N/A	#N/A	/stornext/snfs150/next-gen/Illumina/Instruments/E00538/171220_E00538_0173_BHGHJJCCXY/Results/Project_HGHJJCCXY/Sample_HGHJJCCXY-7	#N/A
NWD805363	HGHJJCCXY-6	TMSOL	TMSOL_batch24a	171220_E00538_0173_BHGHJJCCXY_6	#N/A	#N/A	/stornext/snfs150/next-gen/Illumina/Instruments/E00538/171220_E00538_0173_BHGHJJCCXY/Results/Project_HGHJJCCXY/Sample_HGHJJCCXY-6	#N/A
NWD424334	HGHJJCCXY-8	TMSOL	TMSOL_batch24a	171220_E00538_0173_BHGHJJCCXY_8	#N/A	#N/A	/stornext/snfs150/next-gen/Illumina/Instruments/E00538/171220_E00538_0173_BHGHJJCCXY/Results/Project_HGHJJCCXY/Sample_HGHJJCCXY-8	#N/A
NWD672202	HGHJJCCXY-2	TMSOL	TMSOL_batch24a	171220_E00538_0173_BHGHJJCCXY_2	#N/A	#N/A	/stornext/snfs150/next-gen/Illumina/Instruments/E00538/171220_E00538_0173_BHGHJJCCXY/Results/Project_HGHJJCCXY/Sample_HGHJJCCXY-2	#N/A
NWD418210	HGHJJCCXY-4	TMSOL	TMSOL_batch24a	171220_E00538_0173_BHGHJJCCXY_4	#N/A	#N/A	/stornext/snfs150/next-gen/Illumina/Instruments/E00538/171220_E00538_0173_BHGHJJCCXY/Results/Project_HGHJJCCXY/Sample_HGHJJCCXY-4	#N/A
NWD220365	HGHJJCCXY-1	TMSOL	TMSOL_batch24a	171220_E00538_0173_BHGHJJCCXY_1	#N/A	#N/A	/stornext/snfs150/next-gen/Illumina/Instruments/E00538/171220_E00538_0173_BHGHJJCCXY/Results/Project_HGHJJCCXY/Sample_HGHJJCCXY-1	#N/A
NWD954783	HGHJJCCXY-5	TMSOL	TMSOL_batch24a	171220_E00538_0173_BHGHJJCCXY_5	#N/A	#N/A	/stornext/snfs150/next-gen/Illumina/Instruments/E00538/171220_E00538_0173_BHGHJJCCXY/Results/Project_HGHJJCCXY/Sample_HGHJJCCXY-5	#N/A
NWD311770	HGHJJCCXY-3	TMSOL	TMSOL_batch24a	171220_E00538_0173_BHGHJJCCXY_3	#N/A	#N/A	/stornext/snfs150/next-gen/Illumina/Instruments/E00538/171220_E00538_0173_BHGHJJCCXY/Results/Project_HGHJJCCXY/Sample_HGHJJCCXY-3	#N/A
NWD523493	HGTJMCCXY-5	TMSOL	TMSOL_batch24a	171225_ST-E00238_0629_AHGTJMCCXY_5	#N/A	#N/A	/stornext/snfs100/next-gen/Illumina/Instruments/E00238/171225_ST-E00238_0629_AHGTJMCCXY/Results/Project_HGTJMCCXY/Sample_HGTJMCCXY-5	#N/A
NWD359724	HGTJMCCXY-4	TMSOL	TMSOL_batch24a	171225_ST-E00238_0629_AHGTJMCCXY_4	#N/A	#N/A	/stornext/snfs100/next-gen/Illumina/Instruments/E00238/171225_ST-E00238_0629_AHGTJMCCXY/Results/Project_HGTJMCCXY/Sample_HGTJMCCXY-4	#N/A
NWD589083	HGTJMCCXY-7	TMSOL	TMSOL_batch24a	171225_ST-E00238_0629_AHGTJMCCXY_7	#N/A	#N/A	/stornext/snfs100/next-gen/Illumina/Instruments/E00238/171225_ST-E00238_0629_AHGTJMCCXY/Results/Project_HGTJMCCXY/Sample_HGTJMCCXY-7	#N/A
NWD272971	HGTJMCCXY-3	TMSOL	TMSOL_batch24a	171225_ST-E00238_0629_AHGTJMCCXY_3	#N/A	#N/A	/stornext/snfs100/next-gen/Illumina/Instruments/E00238/171225_ST-E00238_0629_AHGTJMCCXY/Results/Project_HGTJMCCXY/Sample_HGTJMCCXY-3	#N/A
NWD534767	HGTJMCCXY-6	TMSOL	TMSOL_batch24a	171225_ST-E00238_0629_AHGTJMCCXY_6	#N/A	#N/A	/stornext/snfs100/next-gen/Illumina/Instruments/E00238/171225_ST-E00238_0629_AHGTJMCCXY/Results/Project_HGTJMCCXY/Sample_HGTJMCCXY-6	#N/A
NWD650191	HGTJMCCXY-8	TMSOL	TMSOL_batch24a	171225_ST-E00238_0629_AHGTJMCCXY_8	#N/A	#N/A	/stornext/snfs100/next-gen/Illumina/Instruments/E00238/171225_ST-E00238_0629_AHGTJMCCXY/Results/Project_HGTJMCCXY/Sample_HGTJMCCXY-8	#N/A
