lane_barcode	hgsc_xfer_subdir	batch	sample_id_nwd_id	run_name	current_cram_name	new_cram_name	result_path	cram_path
HGH3HCCXY-2	TMSOL	TMSOL_batch24a	NWD702328	171215_E00253_0617_BHGH3HCCXY_2	HGH3HCCXY-2.hgv.cram	NWD702328-HGH3HCCXY-2.hgv.cram	/stornext/snfs100/next-gen/Illumina/Instruments/E00253/171215_E00253_0617_BHGH3HCCXY/Results/Project_HGH3HCCXY/Sample_HGH3HCCXY-2	/stornext/snfs100/next-gen/Illumina/Instruments/E00253/171215_E00253_0617_BHGH3HCCXY/Results/Project_HGH3HCCXY/Sample_HGH3HCCXY-2/HGH3HCCXY-2.hgv.cram
HGJHCCCXY-5	TMSOL	TMSOL_batch24a	NWD555355	171215_E00380_0517_AHGJHCCCXY_5	HGJHCCCXY-5.hgv.cram	NWD555355-HGJHCCCXY-5.hgv.cram	/stornext/snfs130/next-gen/Illumina/Instruments/E00380/171215_E00380_0517_AHGJHCCCXY/Results/Project_HGJHCCCXY/Sample_HGJHCCCXY-5	/stornext/snfs130/next-gen/Illumina/Instruments/E00380/171215_E00380_0517_AHGJHCCCXY/Results/Project_HGJHCCCXY/Sample_HGJHCCCXY-5/HGJHCCCXY-5.hgv.cram
HGH3HCCXY-7	TMSOL	TMSOL_batch24a	NWD599383	171215_E00253_0617_BHGH3HCCXY_7	HGH3HCCXY-7.hgv.cram	NWD599383-HGH3HCCXY-7.hgv.cram	/stornext/snfs100/next-gen/Illumina/Instruments/E00253/171215_E00253_0617_BHGH3HCCXY/Results/Project_HGH3HCCXY/Sample_HGH3HCCXY-7	/stornext/snfs100/next-gen/Illumina/Instruments/E00253/171215_E00253_0617_BHGH3HCCXY/Results/Project_HGH3HCCXY/Sample_HGH3HCCXY-7/HGH3HCCXY-7.hgv.cram
HGH3HCCXY-8	TMSOL	TMSOL_batch24a	NWD641808	171215_E00253_0617_BHGH3HCCXY_8	HGH3HCCXY-8.hgv.cram	NWD641808-HGH3HCCXY-8.hgv.cram	/stornext/snfs100/next-gen/Illumina/Instruments/E00253/171215_E00253_0617_BHGH3HCCXY/Results/Project_HGH3HCCXY/Sample_HGH3HCCXY-8	/stornext/snfs100/next-gen/Illumina/Instruments/E00253/171215_E00253_0617_BHGH3HCCXY/Results/Project_HGH3HCCXY/Sample_HGH3HCCXY-8/HGH3HCCXY-8.hgv.cram
HGH3HCCXY-4	TMSOL	TMSOL_batch24a	NWD237262	171215_E00253_0617_BHGH3HCCXY_4	HGH3HCCXY-4.hgv.cram	NWD237262-HGH3HCCXY-4.hgv.cram	/stornext/snfs100/next-gen/Illumina/Instruments/E00253/171215_E00253_0617_BHGH3HCCXY/Results/Project_HGH3HCCXY/Sample_HGH3HCCXY-4	/stornext/snfs100/next-gen/Illumina/Instruments/E00253/171215_E00253_0617_BHGH3HCCXY/Results/Project_HGH3HCCXY/Sample_HGH3HCCXY-4/HGH3HCCXY-4.hgv.cram
HGJHCCCXY-6	TMSOL	TMSOL_batch24a	NWD595869	171215_E00380_0517_AHGJHCCCXY_6	HGJHCCCXY-6.hgv.cram	NWD595869-HGJHCCCXY-6.hgv.cram	/stornext/snfs130/next-gen/Illumina/Instruments/E00380/171215_E00380_0517_AHGJHCCCXY/Results/Project_HGJHCCCXY/Sample_HGJHCCCXY-6	/stornext/snfs130/next-gen/Illumina/Instruments/E00380/171215_E00380_0517_AHGJHCCCXY/Results/Project_HGJHCCCXY/Sample_HGJHCCCXY-6/HGJHCCCXY-6.hgv.cram
HGHJLCCXY-2	TMSOL	TMSOL_batch24a	NWD924834	171216_ST-E00212_0656_AHGHJLCCXY_2	HGHJLCCXY-2.hgv.cram	NWD924834-HGHJLCCXY-2.hgv.cram	/stornext/snfs160/next-gen/Illumina/Instruments/E00212/171216_ST-E00212_0656_AHGHJLCCXY/Results/Project_HGHJLCCXY/Sample_HGHJLCCXY-2	/stornext/snfs160/next-gen/Illumina/Instruments/E00212/171216_ST-E00212_0656_AHGHJLCCXY/Results/Project_HGHJLCCXY/Sample_HGHJLCCXY-2/HGHJLCCXY-2.hgv.cram
HGHJLCCXY-1	TMSOL	TMSOL_batch24a	NWD483894	171216_ST-E00212_0656_AHGHJLCCXY_1	HGHJLCCXY-1.hgv.cram	NWD483894-HGHJLCCXY-1.hgv.cram	/stornext/snfs160/next-gen/Illumina/Instruments/E00212/171216_ST-E00212_0656_AHGHJLCCXY/Results/Project_HGHJLCCXY/Sample_HGHJLCCXY-1	/stornext/snfs160/next-gen/Illumina/Instruments/E00212/171216_ST-E00212_0656_AHGHJLCCXY/Results/Project_HGHJLCCXY/Sample_HGHJLCCXY-1/HGHJLCCXY-1.hgv.cram
HGHTFCCXY-5	TMSOL	TMSOL_batch24a	NWD610825	171215_E00380_0518_BHGHTFCCXY_5	HGHTFCCXY-5.hgv.cram	NWD610825-HGHTFCCXY-5.hgv.cram	/stornext/snfs130/next-gen/Illumina/Instruments/E00380/171215_E00380_0518_BHGHTFCCXY/Results/Project_HGHTFCCXY/Sample_HGHTFCCXY-5	/stornext/snfs130/next-gen/Illumina/Instruments/E00380/171215_E00380_0518_BHGHTFCCXY/Results/Project_HGHTFCCXY/Sample_HGHTFCCXY-5/HGHTFCCXY-5.hgv.cram
HGJHCCCXY-8	TMSOL	TMSOL_batch24a	NWD709734	171215_E00380_0517_AHGJHCCCXY_8	HGJHCCCXY-8.hgv.cram	NWD709734-HGJHCCCXY-8.hgv.cram	/stornext/snfs130/next-gen/Illumina/Instruments/E00380/171215_E00380_0517_AHGJHCCCXY/Results/Project_HGJHCCCXY/Sample_HGJHCCCXY-8	/stornext/snfs130/next-gen/Illumina/Instruments/E00380/171215_E00380_0517_AHGJHCCCXY/Results/Project_HGJHCCCXY/Sample_HGJHCCCXY-8/HGJHCCCXY-8.hgv.cram
HGHTFCCXY-6	TMSOL	TMSOL_batch24a	NWD611953	171215_E00380_0518_BHGHTFCCXY_6	HGHTFCCXY-6.hgv.cram	NWD611953-HGHTFCCXY-6.hgv.cram	/stornext/snfs130/next-gen/Illumina/Instruments/E00380/171215_E00380_0518_BHGHTFCCXY/Results/Project_HGHTFCCXY/Sample_HGHTFCCXY-6	/stornext/snfs130/next-gen/Illumina/Instruments/E00380/171215_E00380_0518_BHGHTFCCXY/Results/Project_HGHTFCCXY/Sample_HGHTFCCXY-6/HGHTFCCXY-6.hgv.cram
HGHTFCCXY-8	TMSOL	TMSOL_batch24a	NWD718902	171215_E00380_0518_BHGHTFCCXY_8	HGHTFCCXY-8.hgv.cram	NWD718902-HGHTFCCXY-8.hgv.cram	/stornext/snfs130/next-gen/Illumina/Instruments/E00380/171215_E00380_0518_BHGHTFCCXY/Results/Project_HGHTFCCXY/Sample_HGHTFCCXY-8	/stornext/snfs130/next-gen/Illumina/Instruments/E00380/171215_E00380_0518_BHGHTFCCXY/Results/Project_HGHTFCCXY/Sample_HGHTFCCXY-8/HGHTFCCXY-8.hgv.cram
HGHJLCCXY-3	TMSOL	TMSOL_batch24a	NWD517864	171216_ST-E00212_0656_AHGHJLCCXY_3	HGHJLCCXY-3.hgv.cram	NWD517864-HGHJLCCXY-3.hgv.cram	/stornext/snfs160/next-gen/Illumina/Instruments/E00212/171216_ST-E00212_0656_AHGHJLCCXY/Results/Project_HGHJLCCXY/Sample_HGHJLCCXY-3	/stornext/snfs160/next-gen/Illumina/Instruments/E00212/171216_ST-E00212_0656_AHGHJLCCXY/Results/Project_HGHJLCCXY/Sample_HGHJLCCXY-3/HGHJLCCXY-3.hgv.cram
HGHTFCCXY-4	TMSOL	TMSOL_batch24a	NWD551115	171215_E00380_0518_BHGHTFCCXY_4	HGHTFCCXY-4.hgv.cram	NWD551115-HGHTFCCXY-4.hgv.cram	/stornext/snfs130/next-gen/Illumina/Instruments/E00380/171215_E00380_0518_BHGHTFCCXY/Results/Project_HGHTFCCXY/Sample_HGHTFCCXY-4	/stornext/snfs130/next-gen/Illumina/Instruments/E00380/171215_E00380_0518_BHGHTFCCXY/Results/Project_HGHTFCCXY/Sample_HGHTFCCXY-4/HGHTFCCXY-4.hgv.cram
HGHTFCCXY-2	TMSOL	TMSOL_batch24a	NWD723738	171215_E00380_0518_BHGHTFCCXY_2	HGHTFCCXY-2.hgv.cram	NWD723738-HGHTFCCXY-2.hgv.cram	/stornext/snfs130/next-gen/Illumina/Instruments/E00380/171215_E00380_0518_BHGHTFCCXY/Results/Project_HGHTFCCXY/Sample_HGHTFCCXY-2	/stornext/snfs130/next-gen/Illumina/Instruments/E00380/171215_E00380_0518_BHGHTFCCXY/Results/Project_HGHTFCCXY/Sample_HGHTFCCXY-2/HGHTFCCXY-2.hgv.cram
HGHTFCCXY-1	TMSOL	TMSOL_batch24a	NWD257871	171215_E00380_0518_BHGHTFCCXY_1	HGHTFCCXY-1.hgv.cram	NWD257871-HGHTFCCXY-1.hgv.cram	/stornext/snfs130/next-gen/Illumina/Instruments/E00380/171215_E00380_0518_BHGHTFCCXY/Results/Project_HGHTFCCXY/Sample_HGHTFCCXY-1	/stornext/snfs130/next-gen/Illumina/Instruments/E00380/171215_E00380_0518_BHGHTFCCXY/Results/Project_HGHTFCCXY/Sample_HGHTFCCXY-1/HGHTFCCXY-1.hgv.cram
HGHTFCCXY-3	TMSOL	TMSOL_batch24a	NWD938514	171215_E00380_0518_BHGHTFCCXY_3	HGHTFCCXY-3.hgv.cram	NWD938514-HGHTFCCXY-3.hgv.cram	/stornext/snfs130/next-gen/Illumina/Instruments/E00380/171215_E00380_0518_BHGHTFCCXY/Results/Project_HGHTFCCXY/Sample_HGHTFCCXY-3	/stornext/snfs130/next-gen/Illumina/Instruments/E00380/171215_E00380_0518_BHGHTFCCXY/Results/Project_HGHTFCCXY/Sample_HGHTFCCXY-3/HGHTFCCXY-3.hgv.cram
HH3JCCCXY-5	TMSOL	TMSOL_batch24a	NWD995201	171215_E00385_0556_AHH3JCCCXY_5	HH3JCCCXY-5.hgv.cram	NWD995201-HH3JCCCXY-5.hgv.cram	/stornext/snfs110/next-gen/Illumina/Instruments/E00385/171215_E00385_0556_AHH3JCCCXY/Results/Project_HH3JCCCXY/Sample_HH3JCCCXY-5	/stornext/snfs110/next-gen/Illumina/Instruments/E00385/171215_E00385_0556_AHH3JCCCXY/Results/Project_HH3JCCCXY/Sample_HH3JCCCXY-5/HH3JCCCXY-5.hgv.cram
HH3JCCCXY-2	TMSOL	TMSOL_batch24a	NWD829516	171215_E00385_0556_AHH3JCCCXY_2	HH3JCCCXY-2.hgv.cram	NWD829516-HH3JCCCXY-2.hgv.cram	/stornext/snfs110/next-gen/Illumina/Instruments/E00385/171215_E00385_0556_AHH3JCCCXY/Results/Project_HH3JCCCXY/Sample_HH3JCCCXY-2	/stornext/snfs110/next-gen/Illumina/Instruments/E00385/171215_E00385_0556_AHH3JCCCXY/Results/Project_HH3JCCCXY/Sample_HH3JCCCXY-2/HH3JCCCXY-2.hgv.cram
HH3JCCCXY-4	TMSOL	TMSOL_batch24a	NWD905646	171215_E00385_0556_AHH3JCCCXY_4	HH3JCCCXY-4.hgv.cram	NWD905646-HH3JCCCXY-4.hgv.cram	/stornext/snfs110/next-gen/Illumina/Instruments/E00385/171215_E00385_0556_AHH3JCCCXY/Results/Project_HH3JCCCXY/Sample_HH3JCCCXY-4	/stornext/snfs110/next-gen/Illumina/Instruments/E00385/171215_E00385_0556_AHH3JCCCXY/Results/Project_HH3JCCCXY/Sample_HH3JCCCXY-4/HH3JCCCXY-4.hgv.cram
HH3JCCCXY-1	TMSOL	TMSOL_batch24a	NWD775060	171215_E00385_0556_AHH3JCCCXY_1	HH3JCCCXY-1.hgv.cram	NWD775060-HH3JCCCXY-1.hgv.cram	/stornext/snfs110/next-gen/Illumina/Instruments/E00385/171215_E00385_0556_AHH3JCCCXY/Results/Project_HH3JCCCXY/Sample_HH3JCCCXY-1	/stornext/snfs110/next-gen/Illumina/Instruments/E00385/171215_E00385_0556_AHH3JCCCXY/Results/Project_HH3JCCCXY/Sample_HH3JCCCXY-1/HH3JCCCXY-1.hgv.cram
HH3JCCCXY-3	TMSOL	TMSOL_batch24a	NWD863303	171215_E00385_0556_AHH3JCCCXY_3	HH3JCCCXY-3.hgv.cram	NWD863303-HH3JCCCXY-3.hgv.cram	/stornext/snfs110/next-gen/Illumina/Instruments/E00385/171215_E00385_0556_AHH3JCCCXY/Results/Project_HH3JCCCXY/Sample_HH3JCCCXY-3	/stornext/snfs110/next-gen/Illumina/Instruments/E00385/171215_E00385_0556_AHH3JCCCXY/Results/Project_HH3JCCCXY/Sample_HH3JCCCXY-3/HH3JCCCXY-3.hgv.cram
HGHJCCCXY-1	TMSOL	TMSOL_batch24a	NWD889319	171216_ST-E00238_0624_AHGHJCCCXY_1	HGHJCCCXY-1.hgv.cram	NWD889319-HGHJCCCXY-1.hgv.cram	/stornext/snfs100/next-gen/Illumina/Instruments/E00238/171216_ST-E00238_0624_AHGHJCCCXY/Results/Project_HGHJCCCXY/Sample_HGHJCCCXY-1	/stornext/snfs100/next-gen/Illumina/Instruments/E00238/171216_ST-E00238_0624_AHGHJCCCXY/Results/Project_HGHJCCCXY/Sample_HGHJCCCXY-1/HGHJCCCXY-1.hgv.cram
HGHJCCCXY-2	TMSOL	TMSOL_batch24a	NWD598937	171216_ST-E00238_0624_AHGHJCCCXY_2	HGHJCCCXY-2.hgv.cram	NWD598937-HGHJCCCXY-2.hgv.cram	/stornext/snfs100/next-gen/Illumina/Instruments/E00238/171216_ST-E00238_0624_AHGHJCCCXY/Results/Project_HGHJCCCXY/Sample_HGHJCCCXY-2	/stornext/snfs100/next-gen/Illumina/Instruments/E00238/171216_ST-E00238_0624_AHGHJCCCXY/Results/Project_HGHJCCCXY/Sample_HGHJCCCXY-2/HGHJCCCXY-2.hgv.cram
HGHJCCCXY-6	TMSOL	TMSOL_batch24a	NWD742238	171216_ST-E00238_0624_AHGHJCCCXY_6	HGHJCCCXY-6.hgv.cram	NWD742238-HGHJCCCXY-6.hgv.cram	/stornext/snfs100/next-gen/Illumina/Instruments/E00238/171216_ST-E00238_0624_AHGHJCCCXY/Results/Project_HGHJCCCXY/Sample_HGHJCCCXY-6	/stornext/snfs100/next-gen/Illumina/Instruments/E00238/171216_ST-E00238_0624_AHGHJCCCXY/Results/Project_HGHJCCCXY/Sample_HGHJCCCXY-6/HGHJCCCXY-6.hgv.cram
HGHJCCCXY-7	TMSOL	TMSOL_batch24a	NWD579567	171216_ST-E00238_0624_AHGHJCCCXY_7	HGHJCCCXY-7.hgv.cram	NWD579567-HGHJCCCXY-7.hgv.cram	/stornext/snfs100/next-gen/Illumina/Instruments/E00238/171216_ST-E00238_0624_AHGHJCCCXY/Results/Project_HGHJCCCXY/Sample_HGHJCCCXY-7	/stornext/snfs100/next-gen/Illumina/Instruments/E00238/171216_ST-E00238_0624_AHGHJCCCXY/Results/Project_HGHJCCCXY/Sample_HGHJCCCXY-7/HGHJCCCXY-7.hgv.cram
HGHJCCCXY-4	TMSOL	TMSOL_batch24a	NWD686568	171216_ST-E00238_0624_AHGHJCCCXY_4	HGHJCCCXY-4.hgv.cram	NWD686568-HGHJCCCXY-4.hgv.cram	/stornext/snfs100/next-gen/Illumina/Instruments/E00238/171216_ST-E00238_0624_AHGHJCCCXY/Results/Project_HGHJCCCXY/Sample_HGHJCCCXY-4	/stornext/snfs100/next-gen/Illumina/Instruments/E00238/171216_ST-E00238_0624_AHGHJCCCXY/Results/Project_HGHJCCCXY/Sample_HGHJCCCXY-4/HGHJCCCXY-4.hgv.cram
HGHJCCCXY-8	TMSOL	TMSOL_batch24a	NWD178931	171216_ST-E00238_0624_AHGHJCCCXY_8	HGHJCCCXY-8.hgv.cram	NWD178931-HGHJCCCXY-8.hgv.cram	/stornext/snfs100/next-gen/Illumina/Instruments/E00238/171216_ST-E00238_0624_AHGHJCCCXY/Results/Project_HGHJCCCXY/Sample_HGHJCCCXY-8	/stornext/snfs100/next-gen/Illumina/Instruments/E00238/171216_ST-E00238_0624_AHGHJCCCXY/Results/Project_HGHJCCCXY/Sample_HGHJCCCXY-8/HGHJCCCXY-8.hgv.cram
HGHJCCCXY-3	TMSOL	TMSOL_batch24a	NWD257011	171216_ST-E00238_0624_AHGHJCCCXY_3	HGHJCCCXY-3.hgv.cram	NWD257011-HGHJCCCXY-3.hgv.cram	/stornext/snfs100/next-gen/Illumina/Instruments/E00238/171216_ST-E00238_0624_AHGHJCCCXY/Results/Project_HGHJCCCXY/Sample_HGHJCCCXY-3	/stornext/snfs100/next-gen/Illumina/Instruments/E00238/171216_ST-E00238_0624_AHGHJCCCXY/Results/Project_HGHJCCCXY/Sample_HGHJCCCXY-3/HGHJCCCXY-3.hgv.cram
HGHJCCCXY-5	TMSOL	TMSOL_batch24a	NWD831773	171216_ST-E00238_0624_AHGHJCCCXY_5	HGHJCCCXY-5.hgv.cram	NWD831773-HGHJCCCXY-5.hgv.cram	/stornext/snfs100/next-gen/Illumina/Instruments/E00238/171216_ST-E00238_0624_AHGHJCCCXY/Results/Project_HGHJCCCXY/Sample_HGHJCCCXY-5	/stornext/snfs100/next-gen/Illumina/Instruments/E00238/171216_ST-E00238_0624_AHGHJCCCXY/Results/Project_HGHJCCCXY/Sample_HGHJCCCXY-5/HGHJCCCXY-5.hgv.cram
HGHF3CCXY-2	TMSOL	TMSOL_batch24a	NWD432657	171216_ST-E00238_0623_BHGHF3CCXY_2	HGHF3CCXY-2.hgv.cram	NWD432657-HGHF3CCXY-2.hgv.cram	/stornext/snfs100/next-gen/Illumina/Instruments/E00238/171216_ST-E00238_0623_BHGHF3CCXY/Results/Project_HGHF3CCXY/Sample_HGHF3CCXY-2	/stornext/snfs100/next-gen/Illumina/Instruments/E00238/171216_ST-E00238_0623_BHGHF3CCXY/Results/Project_HGHF3CCXY/Sample_HGHF3CCXY-2/HGHF3CCXY-2.hgv.cram
HGHF3CCXY-4	TMSOL	TMSOL_batch24a	NWD759973	171216_ST-E00238_0623_BHGHF3CCXY_4	HGHF3CCXY-4.hgv.cram	NWD759973-HGHF3CCXY-4.hgv.cram	/stornext/snfs100/next-gen/Illumina/Instruments/E00238/171216_ST-E00238_0623_BHGHF3CCXY/Results/Project_HGHF3CCXY/Sample_HGHF3CCXY-4	/stornext/snfs100/next-gen/Illumina/Instruments/E00238/171216_ST-E00238_0623_BHGHF3CCXY/Results/Project_HGHF3CCXY/Sample_HGHF3CCXY-4/HGHF3CCXY-4.hgv.cram
HGHWYCCXY-2	TMSOL	TMSOL_batch24a	NWD156087	171217_ST-E00186_0659_BHGHWYCCXY_2	HGHWYCCXY-2.hgv.cram	NWD156087-HGHWYCCXY-2.hgv.cram	/stornext/snfs130/next-gen/Illumina/Instruments/E00186/171217_ST-E00186_0659_BHGHWYCCXY/Results/Project_HGHWYCCXY/Sample_HGHWYCCXY-2	/stornext/snfs130/next-gen/Illumina/Instruments/E00186/171217_ST-E00186_0659_BHGHWYCCXY/Results/Project_HGHWYCCXY/Sample_HGHWYCCXY-2/HGHWYCCXY-2.hgv.cram
HGHWYCCXY-3	TMSOL	TMSOL_batch24a	NWD968209	171217_ST-E00186_0659_BHGHWYCCXY_3	HGHWYCCXY-3.hgv.cram	NWD968209-HGHWYCCXY-3.hgv.cram	/stornext/snfs130/next-gen/Illumina/Instruments/E00186/171217_ST-E00186_0659_BHGHWYCCXY/Results/Project_HGHWYCCXY/Sample_HGHWYCCXY-3	/stornext/snfs130/next-gen/Illumina/Instruments/E00186/171217_ST-E00186_0659_BHGHWYCCXY/Results/Project_HGHWYCCXY/Sample_HGHWYCCXY-3/HGHWYCCXY-3.hgv.cram
HGHWYCCXY-8	TMSOL	TMSOL_batch24a	NWD606847	171217_ST-E00186_0659_BHGHWYCCXY_8	HGHWYCCXY-8.hgv.cram	NWD606847-HGHWYCCXY-8.hgv.cram	/stornext/snfs130/next-gen/Illumina/Instruments/E00186/171217_ST-E00186_0659_BHGHWYCCXY/Results/Project_HGHWYCCXY/Sample_HGHWYCCXY-8	/stornext/snfs130/next-gen/Illumina/Instruments/E00186/171217_ST-E00186_0659_BHGHWYCCXY/Results/Project_HGHWYCCXY/Sample_HGHWYCCXY-8/HGHWYCCXY-8.hgv.cram
HGHWYCCXY-5	TMSOL	TMSOL_batch24a	NWD113979	171217_ST-E00186_0659_BHGHWYCCXY_5	HGHWYCCXY-5.hgv.cram	NWD113979-HGHWYCCXY-5.hgv.cram	/stornext/snfs130/next-gen/Illumina/Instruments/E00186/171217_ST-E00186_0659_BHGHWYCCXY/Results/Project_HGHWYCCXY/Sample_HGHWYCCXY-5	/stornext/snfs130/next-gen/Illumina/Instruments/E00186/171217_ST-E00186_0659_BHGHWYCCXY/Results/Project_HGHWYCCXY/Sample_HGHWYCCXY-5/HGHWYCCXY-5.hgv.cram
HGHWYCCXY-6	TMSOL	TMSOL_batch24a	NWD225215	171217_ST-E00186_0659_BHGHWYCCXY_6	HGHWYCCXY-6.hgv.cram	NWD225215-HGHWYCCXY-6.hgv.cram	/stornext/snfs130/next-gen/Illumina/Instruments/E00186/171217_ST-E00186_0659_BHGHWYCCXY/Results/Project_HGHWYCCXY/Sample_HGHWYCCXY-6	/stornext/snfs130/next-gen/Illumina/Instruments/E00186/171217_ST-E00186_0659_BHGHWYCCXY/Results/Project_HGHWYCCXY/Sample_HGHWYCCXY-6/HGHWYCCXY-6.hgv.cram
HGHWYCCXY-7	TMSOL	TMSOL_batch24a	NWD832438	171217_ST-E00186_0659_BHGHWYCCXY_7	HGHWYCCXY-7.hgv.cram	NWD832438-HGHWYCCXY-7.hgv.cram	/stornext/snfs130/next-gen/Illumina/Instruments/E00186/171217_ST-E00186_0659_BHGHWYCCXY/Results/Project_HGHWYCCXY/Sample_HGHWYCCXY-7	/stornext/snfs130/next-gen/Illumina/Instruments/E00186/171217_ST-E00186_0659_BHGHWYCCXY/Results/Project_HGHWYCCXY/Sample_HGHWYCCXY-7/HGHWYCCXY-7.hgv.cram
HGHWYCCXY-1	TMSOL	TMSOL_batch24a	NWD818352	171217_ST-E00186_0659_BHGHWYCCXY_1	HGHWYCCXY-1.hgv.cram	NWD818352-HGHWYCCXY-1.hgv.cram	/stornext/snfs130/next-gen/Illumina/Instruments/E00186/171217_ST-E00186_0659_BHGHWYCCXY/Results/Project_HGHWYCCXY/Sample_HGHWYCCXY-1	/stornext/snfs130/next-gen/Illumina/Instruments/E00186/171217_ST-E00186_0659_BHGHWYCCXY/Results/Project_HGHWYCCXY/Sample_HGHWYCCXY-1/HGHWYCCXY-1.hgv.cram
HGHWYCCXY-4	TMSOL	TMSOL_batch24a	NWD391382	171217_ST-E00186_0659_BHGHWYCCXY_4	HGHWYCCXY-4.hgv.cram	NWD391382-HGHWYCCXY-4.hgv.cram	/stornext/snfs130/next-gen/Illumina/Instruments/E00186/171217_ST-E00186_0659_BHGHWYCCXY/Results/Project_HGHWYCCXY/Sample_HGHWYCCXY-4	/stornext/snfs130/next-gen/Illumina/Instruments/E00186/171217_ST-E00186_0659_BHGHWYCCXY/Results/Project_HGHWYCCXY/Sample_HGHWYCCXY-4/HGHWYCCXY-4.hgv.cram
HGHF3CCXY-6	TMSOL	TMSOL_batch24a	NWD112619	171216_ST-E00238_0623_BHGHF3CCXY_6	HGHF3CCXY-6.hgv.cram	NWD112619-HGHF3CCXY-6.hgv.cram	/stornext/snfs100/next-gen/Illumina/Instruments/E00238/171216_ST-E00238_0623_BHGHF3CCXY/Results/Project_HGHF3CCXY/Sample_HGHF3CCXY-6	/stornext/snfs100/next-gen/Illumina/Instruments/E00238/171216_ST-E00238_0623_BHGHF3CCXY/Results/Project_HGHF3CCXY/Sample_HGHF3CCXY-6/HGHF3CCXY-6.hgv.cram
HGHF3CCXY-5	TMSOL	TMSOL_batch24a	NWD411444	171216_ST-E00238_0623_BHGHF3CCXY_5	HGHF3CCXY-5.hgv.cram	NWD411444-HGHF3CCXY-5.hgv.cram	/stornext/snfs100/next-gen/Illumina/Instruments/E00238/171216_ST-E00238_0623_BHGHF3CCXY/Results/Project_HGHF3CCXY/Sample_HGHF3CCXY-5	/stornext/snfs100/next-gen/Illumina/Instruments/E00238/171216_ST-E00238_0623_BHGHF3CCXY/Results/Project_HGHF3CCXY/Sample_HGHF3CCXY-5/HGHF3CCXY-5.hgv.cram
HGHF3CCXY-7	TMSOL	TMSOL_batch24a	NWD560300	171216_ST-E00238_0623_BHGHF3CCXY_7	HGHF3CCXY-7.hgv.cram	NWD560300-HGHF3CCXY-7.hgv.cram	/stornext/snfs100/next-gen/Illumina/Instruments/E00238/171216_ST-E00238_0623_BHGHF3CCXY/Results/Project_HGHF3CCXY/Sample_HGHF3CCXY-7	/stornext/snfs100/next-gen/Illumina/Instruments/E00238/171216_ST-E00238_0623_BHGHF3CCXY/Results/Project_HGHF3CCXY/Sample_HGHF3CCXY-7/HGHF3CCXY-7.hgv.cram
HGHF3CCXY-1	TMSOL	TMSOL_batch24a	NWD509219	171216_ST-E00238_0623_BHGHF3CCXY_1	HGHF3CCXY-1.hgv.cram	NWD509219-HGHF3CCXY-1.hgv.cram	/stornext/snfs100/next-gen/Illumina/Instruments/E00238/171216_ST-E00238_0623_BHGHF3CCXY/Results/Project_HGHF3CCXY/Sample_HGHF3CCXY-1	/stornext/snfs100/next-gen/Illumina/Instruments/E00238/171216_ST-E00238_0623_BHGHF3CCXY/Results/Project_HGHF3CCXY/Sample_HGHF3CCXY-1/HGHF3CCXY-1.hgv.cram
HGHF3CCXY-3	TMSOL	TMSOL_batch24a	NWD916300	171216_ST-E00238_0623_BHGHF3CCXY_3	HGHF3CCXY-3.hgv.cram	NWD916300-HGHF3CCXY-3.hgv.cram	/stornext/snfs100/next-gen/Illumina/Instruments/E00238/171216_ST-E00238_0623_BHGHF3CCXY/Results/Project_HGHF3CCXY/Sample_HGHF3CCXY-3	/stornext/snfs100/next-gen/Illumina/Instruments/E00238/171216_ST-E00238_0623_BHGHF3CCXY/Results/Project_HGHF3CCXY/Sample_HGHF3CCXY-3/HGHF3CCXY-3.hgv.cram
HGHF3CCXY-8	TMSOL	TMSOL_batch24a	NWD315281	171216_ST-E00238_0623_BHGHF3CCXY_8	HGHF3CCXY-8.hgv.cram	NWD315281-HGHF3CCXY-8.hgv.cram	/stornext/snfs100/next-gen/Illumina/Instruments/E00238/171216_ST-E00238_0623_BHGHF3CCXY/Results/Project_HGHF3CCXY/Sample_HGHF3CCXY-8	/stornext/snfs100/next-gen/Illumina/Instruments/E00238/171216_ST-E00238_0623_BHGHF3CCXY/Results/Project_HGHF3CCXY/Sample_HGHF3CCXY-8/HGHF3CCXY-8.hgv.cram
HGHMMCCXY-3	TMSOL	TMSOL_batch24a	NWD456237	171219_ST-E00212_0659_BHGHMMCCXY_3	HGHMMCCXY-3.hgv.cram	NWD456237-HGHMMCCXY-3.hgv.cram	/stornext/snfs160/next-gen/Illumina/Instruments/E00212/171219_ST-E00212_0659_BHGHMMCCXY/Results/Project_HGHMMCCXY/Sample_HGHMMCCXY-3	/stornext/snfs160/next-gen/Illumina/Instruments/E00212/171219_ST-E00212_0659_BHGHMMCCXY/Results/Project_HGHMMCCXY/Sample_HGHMMCCXY-3/HGHMMCCXY-3.hgv.cram
HGHMMCCXY-6	TMSOL	TMSOL_batch24a	NWD701367	171219_ST-E00212_0659_BHGHMMCCXY_6	HGHMMCCXY-6.hgv.cram	NWD701367-HGHMMCCXY-6.hgv.cram	/stornext/snfs160/next-gen/Illumina/Instruments/E00212/171219_ST-E00212_0659_BHGHMMCCXY/Results/Project_HGHMMCCXY/Sample_HGHMMCCXY-6	/stornext/snfs160/next-gen/Illumina/Instruments/E00212/171219_ST-E00212_0659_BHGHMMCCXY/Results/Project_HGHMMCCXY/Sample_HGHMMCCXY-6/HGHMMCCXY-6.hgv.cram
HGHMMCCXY-5	TMSOL	TMSOL_batch24a	NWD421417	171219_ST-E00212_0659_BHGHMMCCXY_5	HGHMMCCXY-5.hgv.cram	NWD421417-HGHMMCCXY-5.hgv.cram	/stornext/snfs160/next-gen/Illumina/Instruments/E00212/171219_ST-E00212_0659_BHGHMMCCXY/Results/Project_HGHMMCCXY/Sample_HGHMMCCXY-5	/stornext/snfs160/next-gen/Illumina/Instruments/E00212/171219_ST-E00212_0659_BHGHMMCCXY/Results/Project_HGHMMCCXY/Sample_HGHMMCCXY-5/HGHMMCCXY-5.hgv.cram
HGGWMCCXY-5	TMSOL	TMSOL_batch24a	NWD744256	171219_ST-E00212_0658_AHGGWMCCXY_5	HGGWMCCXY-5.hgv.cram	NWD744256-HGGWMCCXY-5.hgv.cram	/stornext/snfs160/next-gen/Illumina/Instruments/E00212/171219_ST-E00212_0658_AHGGWMCCXY/Results/Project_HGGWMCCXY/Sample_HGGWMCCXY-5	/stornext/snfs160/next-gen/Illumina/Instruments/E00212/171219_ST-E00212_0658_AHGGWMCCXY/Results/Project_HGGWMCCXY/Sample_HGGWMCCXY-5/HGGWMCCXY-5.hgv.cram
HGHMMCCXY-4	TMSOL	TMSOL_batch24a	NWD606135	171219_ST-E00212_0659_BHGHMMCCXY_4	HGHMMCCXY-4.hgv.cram	NWD606135-HGHMMCCXY-4.hgv.cram	/stornext/snfs160/next-gen/Illumina/Instruments/E00212/171219_ST-E00212_0659_BHGHMMCCXY/Results/Project_HGHMMCCXY/Sample_HGHMMCCXY-4	/stornext/snfs160/next-gen/Illumina/Instruments/E00212/171219_ST-E00212_0659_BHGHMMCCXY/Results/Project_HGHMMCCXY/Sample_HGHMMCCXY-4/HGHMMCCXY-4.hgv.cram
HGHMMCCXY-2	TMSOL	TMSOL_batch24a	NWD726516	171219_ST-E00212_0659_BHGHMMCCXY_2	HGHMMCCXY-2.hgv.cram	NWD726516-HGHMMCCXY-2.hgv.cram	/stornext/snfs160/next-gen/Illumina/Instruments/E00212/171219_ST-E00212_0659_BHGHMMCCXY/Results/Project_HGHMMCCXY/Sample_HGHMMCCXY-2	/stornext/snfs160/next-gen/Illumina/Instruments/E00212/171219_ST-E00212_0659_BHGHMMCCXY/Results/Project_HGHMMCCXY/Sample_HGHMMCCXY-2/HGHMMCCXY-2.hgv.cram
HGHMMCCXY-7	TMSOL	TMSOL_batch24a	NWD271363	171219_ST-E00212_0659_BHGHMMCCXY_7	HGHMMCCXY-7.hgv.cram	NWD271363-HGHMMCCXY-7.hgv.cram	/stornext/snfs160/next-gen/Illumina/Instruments/E00212/171219_ST-E00212_0659_BHGHMMCCXY/Results/Project_HGHMMCCXY/Sample_HGHMMCCXY-7	/stornext/snfs160/next-gen/Illumina/Instruments/E00212/171219_ST-E00212_0659_BHGHMMCCXY/Results/Project_HGHMMCCXY/Sample_HGHMMCCXY-7/HGHMMCCXY-7.hgv.cram
HGGWMCCXY-8	TMSOL	TMSOL_batch24a	NWD648123	171219_ST-E00212_0658_AHGGWMCCXY_8	HGGWMCCXY-8.hgv.cram	NWD648123-HGGWMCCXY-8.hgv.cram	/stornext/snfs160/next-gen/Illumina/Instruments/E00212/171219_ST-E00212_0658_AHGGWMCCXY/Results/Project_HGGWMCCXY/Sample_HGGWMCCXY-8	/stornext/snfs160/next-gen/Illumina/Instruments/E00212/171219_ST-E00212_0658_AHGGWMCCXY/Results/Project_HGGWMCCXY/Sample_HGGWMCCXY-8/HGGWMCCXY-8.hgv.cram
HGGWMCCXY-7	TMSOL	TMSOL_batch24a	NWD836209	171219_ST-E00212_0658_AHGGWMCCXY_7	HGGWMCCXY-7.hgv.cram	NWD836209-HGGWMCCXY-7.hgv.cram	/stornext/snfs160/next-gen/Illumina/Instruments/E00212/171219_ST-E00212_0658_AHGGWMCCXY/Results/Project_HGGWMCCXY/Sample_HGGWMCCXY-7	/stornext/snfs160/next-gen/Illumina/Instruments/E00212/171219_ST-E00212_0658_AHGGWMCCXY/Results/Project_HGGWMCCXY/Sample_HGGWMCCXY-7/HGGWMCCXY-7.hgv.cram
HGGWMCCXY-2	TMSOL	TMSOL_batch24a	NWD928141	171219_ST-E00212_0658_AHGGWMCCXY_2	HGGWMCCXY-2.hgv.cram	NWD928141-HGGWMCCXY-2.hgv.cram	/stornext/snfs160/next-gen/Illumina/Instruments/E00212/171219_ST-E00212_0658_AHGGWMCCXY/Results/Project_HGGWMCCXY/Sample_HGGWMCCXY-2	/stornext/snfs160/next-gen/Illumina/Instruments/E00212/171219_ST-E00212_0658_AHGGWMCCXY/Results/Project_HGGWMCCXY/Sample_HGGWMCCXY-2/HGGWMCCXY-2.hgv.cram
HGGWMCCXY-1	TMSOL	TMSOL_batch24a	NWD678324	171219_ST-E00212_0658_AHGGWMCCXY_1	HGGWMCCXY-1.hgv.cram	NWD678324-HGGWMCCXY-1.hgv.cram	/stornext/snfs160/next-gen/Illumina/Instruments/E00212/171219_ST-E00212_0658_AHGGWMCCXY/Results/Project_HGGWMCCXY/Sample_HGGWMCCXY-1	/stornext/snfs160/next-gen/Illumina/Instruments/E00212/171219_ST-E00212_0658_AHGGWMCCXY/Results/Project_HGGWMCCXY/Sample_HGGWMCCXY-1/HGGWMCCXY-1.hgv.cram
HGGWMCCXY-4	TMSOL	TMSOL_batch24a	NWD322997	171219_ST-E00212_0658_AHGGWMCCXY_4	HGGWMCCXY-4.hgv.cram	NWD322997-HGGWMCCXY-4.hgv.cram	/stornext/snfs160/next-gen/Illumina/Instruments/E00212/171219_ST-E00212_0658_AHGGWMCCXY/Results/Project_HGGWMCCXY/Sample_HGGWMCCXY-4	/stornext/snfs160/next-gen/Illumina/Instruments/E00212/171219_ST-E00212_0658_AHGGWMCCXY/Results/Project_HGGWMCCXY/Sample_HGGWMCCXY-4/HGGWMCCXY-4.hgv.cram
HGGWMCCXY-6	TMSOL	TMSOL_batch24a	NWD179139	171219_ST-E00212_0658_AHGGWMCCXY_6	HGGWMCCXY-6.hgv.cram	NWD179139-HGGWMCCXY-6.hgv.cram	/stornext/snfs160/next-gen/Illumina/Instruments/E00212/171219_ST-E00212_0658_AHGGWMCCXY/Results/Project_HGGWMCCXY/Sample_HGGWMCCXY-6	/stornext/snfs160/next-gen/Illumina/Instruments/E00212/171219_ST-E00212_0658_AHGGWMCCXY/Results/Project_HGGWMCCXY/Sample_HGGWMCCXY-6/HGGWMCCXY-6.hgv.cram
HGHMMCCXY-8	TMSOL	TMSOL_batch24a	NWD714363	171219_ST-E00212_0659_BHGHMMCCXY_8	HGHMMCCXY-8.hgv.cram	NWD714363-HGHMMCCXY-8.hgv.cram	/stornext/snfs160/next-gen/Illumina/Instruments/E00212/171219_ST-E00212_0659_BHGHMMCCXY/Results/Project_HGHMMCCXY/Sample_HGHMMCCXY-8	/stornext/snfs160/next-gen/Illumina/Instruments/E00212/171219_ST-E00212_0659_BHGHMMCCXY/Results/Project_HGHMMCCXY/Sample_HGHMMCCXY-8/HGHMMCCXY-8.hgv.cram
HGGWMCCXY-3	TMSOL	TMSOL_batch24a	NWD854023	171219_ST-E00212_0658_AHGGWMCCXY_3	HGGWMCCXY-3.hgv.cram	NWD854023-HGGWMCCXY-3.hgv.cram	/stornext/snfs160/next-gen/Illumina/Instruments/E00212/171219_ST-E00212_0658_AHGGWMCCXY/Results/Project_HGGWMCCXY/Sample_HGGWMCCXY-3	/stornext/snfs160/next-gen/Illumina/Instruments/E00212/171219_ST-E00212_0658_AHGGWMCCXY/Results/Project_HGGWMCCXY/Sample_HGGWMCCXY-3/HGGWMCCXY-3.hgv.cram
HGHMMCCXY-1	TMSOL	TMSOL_batch24a	NWD772557	171219_ST-E00212_0659_BHGHMMCCXY_1	HGHMMCCXY-1.hgv.cram	NWD772557-HGHMMCCXY-1.hgv.cram	/stornext/snfs160/next-gen/Illumina/Instruments/E00212/171219_ST-E00212_0659_BHGHMMCCXY/Results/Project_HGHMMCCXY/Sample_HGHMMCCXY-1	/stornext/snfs160/next-gen/Illumina/Instruments/E00212/171219_ST-E00212_0659_BHGHMMCCXY/Results/Project_HGHMMCCXY/Sample_HGHMMCCXY-1/HGHMMCCXY-1.hgv.cram
HGHYVCCXY-2	TMSOL	TMSOL_batch24a	NWD642599	171220_E00538_0172_AHGHYVCCXY_2	HGHYVCCXY-2.hgv.cram	NWD642599-HGHYVCCXY-2.hgv.cram	/stornext/snfs150/next-gen/Illumina/Instruments/E00538/171220_E00538_0172_AHGHYVCCXY/Results/Project_HGHYVCCXY/Sample_HGHYVCCXY-2	/stornext/snfs150/next-gen/Illumina/Instruments/E00538/171220_E00538_0172_AHGHYVCCXY/Results/Project_HGHYVCCXY/Sample_HGHYVCCXY-2/HGHYVCCXY-2.hgv.cram
HGHYVCCXY-8	TMSOL	TMSOL_batch24a	NWD722223	171220_E00538_0172_AHGHYVCCXY_8	HGHYVCCXY-8.hgv.cram	NWD722223-HGHYVCCXY-8.hgv.cram	/stornext/snfs150/next-gen/Illumina/Instruments/E00538/171220_E00538_0172_AHGHYVCCXY/Results/Project_HGHYVCCXY/Sample_HGHYVCCXY-8	/stornext/snfs150/next-gen/Illumina/Instruments/E00538/171220_E00538_0172_AHGHYVCCXY/Results/Project_HGHYVCCXY/Sample_HGHYVCCXY-8/HGHYVCCXY-8.hgv.cram
HGHYVCCXY-5	TMSOL	TMSOL_batch24a	NWD149340	171220_E00538_0172_AHGHYVCCXY_5	HGHYVCCXY-5.hgv.cram	NWD149340-HGHYVCCXY-5.hgv.cram	/stornext/snfs150/next-gen/Illumina/Instruments/E00538/171220_E00538_0172_AHGHYVCCXY/Results/Project_HGHYVCCXY/Sample_HGHYVCCXY-5	/stornext/snfs150/next-gen/Illumina/Instruments/E00538/171220_E00538_0172_AHGHYVCCXY/Results/Project_HGHYVCCXY/Sample_HGHYVCCXY-5/HGHYVCCXY-5.hgv.cram
HGHYVCCXY-4	TMSOL	TMSOL_batch24a	NWD575145	171220_E00538_0172_AHGHYVCCXY_4	HGHYVCCXY-4.hgv.cram	NWD575145-HGHYVCCXY-4.hgv.cram	/stornext/snfs150/next-gen/Illumina/Instruments/E00538/171220_E00538_0172_AHGHYVCCXY/Results/Project_HGHYVCCXY/Sample_HGHYVCCXY-4	/stornext/snfs150/next-gen/Illumina/Instruments/E00538/171220_E00538_0172_AHGHYVCCXY/Results/Project_HGHYVCCXY/Sample_HGHYVCCXY-4/HGHYVCCXY-4.hgv.cram
HGHYVCCXY-7	TMSOL	TMSOL_batch24a	NWD880600	171220_E00538_0172_AHGHYVCCXY_7	HGHYVCCXY-7.hgv.cram	NWD880600-HGHYVCCXY-7.hgv.cram	/stornext/snfs150/next-gen/Illumina/Instruments/E00538/171220_E00538_0172_AHGHYVCCXY/Results/Project_HGHYVCCXY/Sample_HGHYVCCXY-7	/stornext/snfs150/next-gen/Illumina/Instruments/E00538/171220_E00538_0172_AHGHYVCCXY/Results/Project_HGHYVCCXY/Sample_HGHYVCCXY-7/HGHYVCCXY-7.hgv.cram
HGHYVCCXY-1	TMSOL	TMSOL_batch24a	NWD586469	171220_E00538_0172_AHGHYVCCXY_1	HGHYVCCXY-1.hgv.cram	NWD586469-HGHYVCCXY-1.hgv.cram	/stornext/snfs150/next-gen/Illumina/Instruments/E00538/171220_E00538_0172_AHGHYVCCXY/Results/Project_HGHYVCCXY/Sample_HGHYVCCXY-1	/stornext/snfs150/next-gen/Illumina/Instruments/E00538/171220_E00538_0172_AHGHYVCCXY/Results/Project_HGHYVCCXY/Sample_HGHYVCCXY-1/HGHYVCCXY-1.hgv.cram
HGHYVCCXY-3	TMSOL	TMSOL_batch24a	NWD788762	171220_E00538_0172_AHGHYVCCXY_3	HGHYVCCXY-3.hgv.cram	NWD788762-HGHYVCCXY-3.hgv.cram	/stornext/snfs150/next-gen/Illumina/Instruments/E00538/171220_E00538_0172_AHGHYVCCXY/Results/Project_HGHYVCCXY/Sample_HGHYVCCXY-3	/stornext/snfs150/next-gen/Illumina/Instruments/E00538/171220_E00538_0172_AHGHYVCCXY/Results/Project_HGHYVCCXY/Sample_HGHYVCCXY-3/HGHYVCCXY-3.hgv.cram
HGHYVCCXY-6	TMSOL	TMSOL_batch24a	NWD864465	171220_E00538_0172_AHGHYVCCXY_6	HGHYVCCXY-6.hgv.cram	NWD864465-HGHYVCCXY-6.hgv.cram	/stornext/snfs150/next-gen/Illumina/Instruments/E00538/171220_E00538_0172_AHGHYVCCXY/Results/Project_HGHYVCCXY/Sample_HGHYVCCXY-6	/stornext/snfs150/next-gen/Illumina/Instruments/E00538/171220_E00538_0172_AHGHYVCCXY/Results/Project_HGHYVCCXY/Sample_HGHYVCCXY-6/HGHYVCCXY-6.hgv.cram
HHGGTCCXY-3	TMSOL	TMSOL_batch24a	NWD214626	171223_E00546_0258_BHHGGTCCXY_3	HHGGTCCXY-3.hgv.cram	NWD214626-HHGGTCCXY-3.hgv.cram	/stornext/snfs140/next-gen/Illumina/Instruments/E00546/171223_E00546_0258_BHHGGTCCXY/Results/Project_HHGGTCCXY/Sample_HHGGTCCXY-3	/stornext/snfs140/next-gen/Illumina/Instruments/E00546/171223_E00546_0258_BHHGGTCCXY/Results/Project_HHGGTCCXY/Sample_HHGGTCCXY-3/HHGGTCCXY-3.hgv.cram
HHGGTCCXY-7	TMSOL	TMSOL_batch24a	NWD844951	171223_E00546_0258_BHHGGTCCXY_7	HHGGTCCXY-7.hgv.cram	NWD844951-HHGGTCCXY-7.hgv.cram	/stornext/snfs140/next-gen/Illumina/Instruments/E00546/171223_E00546_0258_BHHGGTCCXY/Results/Project_HHGGTCCXY/Sample_HHGGTCCXY-7	/stornext/snfs140/next-gen/Illumina/Instruments/E00546/171223_E00546_0258_BHHGGTCCXY/Results/Project_HHGGTCCXY/Sample_HHGGTCCXY-7/HHGGTCCXY-7.hgv.cram
HHGGTCCXY-2	TMSOL	TMSOL_batch24a	NWD951880	171223_E00546_0258_BHHGGTCCXY_2	HHGGTCCXY-2.hgv.cram	NWD951880-HHGGTCCXY-2.hgv.cram	/stornext/snfs140/next-gen/Illumina/Instruments/E00546/171223_E00546_0258_BHHGGTCCXY/Results/Project_HHGGTCCXY/Sample_HHGGTCCXY-2	/stornext/snfs140/next-gen/Illumina/Instruments/E00546/171223_E00546_0258_BHHGGTCCXY/Results/Project_HHGGTCCXY/Sample_HHGGTCCXY-2/HHGGTCCXY-2.hgv.cram
HHGGTCCXY-5	TMSOL	TMSOL_batch24a	NWD432724	171223_E00546_0258_BHHGGTCCXY_5	HHGGTCCXY-5.hgv.cram	NWD432724-HHGGTCCXY-5.hgv.cram	/stornext/snfs140/next-gen/Illumina/Instruments/E00546/171223_E00546_0258_BHHGGTCCXY/Results/Project_HHGGTCCXY/Sample_HHGGTCCXY-5	/stornext/snfs140/next-gen/Illumina/Instruments/E00546/171223_E00546_0258_BHHGGTCCXY/Results/Project_HHGGTCCXY/Sample_HHGGTCCXY-5/HHGGTCCXY-5.hgv.cram
HHGGTCCXY-4	TMSOL	TMSOL_batch24a	NWD952596	171223_E00546_0258_BHHGGTCCXY_4	HHGGTCCXY-4.hgv.cram	NWD952596-HHGGTCCXY-4.hgv.cram	/stornext/snfs140/next-gen/Illumina/Instruments/E00546/171223_E00546_0258_BHHGGTCCXY/Results/Project_HHGGTCCXY/Sample_HHGGTCCXY-4	/stornext/snfs140/next-gen/Illumina/Instruments/E00546/171223_E00546_0258_BHHGGTCCXY/Results/Project_HHGGTCCXY/Sample_HHGGTCCXY-4/HHGGTCCXY-4.hgv.cram
HHGGTCCXY-1	TMSOL	TMSOL_batch24a	NWD854174	171223_E00546_0258_BHHGGTCCXY_1	HHGGTCCXY-1.hgv.cram	NWD854174-HHGGTCCXY-1.hgv.cram	/stornext/snfs140/next-gen/Illumina/Instruments/E00546/171223_E00546_0258_BHHGGTCCXY/Results/Project_HHGGTCCXY/Sample_HHGGTCCXY-1	/stornext/snfs140/next-gen/Illumina/Instruments/E00546/171223_E00546_0258_BHHGGTCCXY/Results/Project_HHGGTCCXY/Sample_HHGGTCCXY-1/HHGGTCCXY-1.hgv.cram
HHGGTCCXY-8	TMSOL	TMSOL_batch24a	NWD580071	171223_E00546_0258_BHHGGTCCXY_8	HHGGTCCXY-8.hgv.cram	NWD580071-HHGGTCCXY-8.hgv.cram	/stornext/snfs140/next-gen/Illumina/Instruments/E00546/171223_E00546_0258_BHHGGTCCXY/Results/Project_HHGGTCCXY/Sample_HHGGTCCXY-8	/stornext/snfs140/next-gen/Illumina/Instruments/E00546/171223_E00546_0258_BHHGGTCCXY/Results/Project_HHGGTCCXY/Sample_HHGGTCCXY-8/HHGGTCCXY-8.hgv.cram
HHGGTCCXY-6	TMSOL	TMSOL_batch24a	NWD644080	171223_E00546_0258_BHHGGTCCXY_6	HHGGTCCXY-6.hgv.cram	NWD644080-HHGGTCCXY-6.hgv.cram	/stornext/snfs140/next-gen/Illumina/Instruments/E00546/171223_E00546_0258_BHHGGTCCXY/Results/Project_HHGGTCCXY/Sample_HHGGTCCXY-6	/stornext/snfs140/next-gen/Illumina/Instruments/E00546/171223_E00546_0258_BHHGGTCCXY/Results/Project_HHGGTCCXY/Sample_HHGGTCCXY-6/HHGGTCCXY-6.hgv.cram
HGHJJCCXY-7	TMSOL	TMSOL_batch24a	NWD458997	171220_E00538_0173_BHGHJJCCXY_7	HGHJJCCXY-7.hgv.cram	NWD458997-HGHJJCCXY-7.hgv.cram	/stornext/snfs150/next-gen/Illumina/Instruments/E00538/171220_E00538_0173_BHGHJJCCXY/Results/Project_HGHJJCCXY/Sample_HGHJJCCXY-7	/stornext/snfs150/next-gen/Illumina/Instruments/E00538/171220_E00538_0173_BHGHJJCCXY/Results/Project_HGHJJCCXY/Sample_HGHJJCCXY-7/HGHJJCCXY-7.hgv.cram
HGHJJCCXY-6	TMSOL	TMSOL_batch24a	NWD805363	171220_E00538_0173_BHGHJJCCXY_6	HGHJJCCXY-6.hgv.cram	NWD805363-HGHJJCCXY-6.hgv.cram	/stornext/snfs150/next-gen/Illumina/Instruments/E00538/171220_E00538_0173_BHGHJJCCXY/Results/Project_HGHJJCCXY/Sample_HGHJJCCXY-6	/stornext/snfs150/next-gen/Illumina/Instruments/E00538/171220_E00538_0173_BHGHJJCCXY/Results/Project_HGHJJCCXY/Sample_HGHJJCCXY-6/HGHJJCCXY-6.hgv.cram
HGHJJCCXY-8	TMSOL	TMSOL_batch24a	NWD424334	171220_E00538_0173_BHGHJJCCXY_8	HGHJJCCXY-8.hgv.cram	NWD424334-HGHJJCCXY-8.hgv.cram	/stornext/snfs150/next-gen/Illumina/Instruments/E00538/171220_E00538_0173_BHGHJJCCXY/Results/Project_HGHJJCCXY/Sample_HGHJJCCXY-8	/stornext/snfs150/next-gen/Illumina/Instruments/E00538/171220_E00538_0173_BHGHJJCCXY/Results/Project_HGHJJCCXY/Sample_HGHJJCCXY-8/HGHJJCCXY-8.hgv.cram
HGHJJCCXY-2	TMSOL	TMSOL_batch24a	NWD672202	171220_E00538_0173_BHGHJJCCXY_2	HGHJJCCXY-2.hgv.cram	NWD672202-HGHJJCCXY-2.hgv.cram	/stornext/snfs150/next-gen/Illumina/Instruments/E00538/171220_E00538_0173_BHGHJJCCXY/Results/Project_HGHJJCCXY/Sample_HGHJJCCXY-2	/stornext/snfs150/next-gen/Illumina/Instruments/E00538/171220_E00538_0173_BHGHJJCCXY/Results/Project_HGHJJCCXY/Sample_HGHJJCCXY-2/HGHJJCCXY-2.hgv.cram
HGHJJCCXY-4	TMSOL	TMSOL_batch24a	NWD418210	171220_E00538_0173_BHGHJJCCXY_4	HGHJJCCXY-4.hgv.cram	NWD418210-HGHJJCCXY-4.hgv.cram	/stornext/snfs150/next-gen/Illumina/Instruments/E00538/171220_E00538_0173_BHGHJJCCXY/Results/Project_HGHJJCCXY/Sample_HGHJJCCXY-4	/stornext/snfs150/next-gen/Illumina/Instruments/E00538/171220_E00538_0173_BHGHJJCCXY/Results/Project_HGHJJCCXY/Sample_HGHJJCCXY-4/HGHJJCCXY-4.hgv.cram
HGHJJCCXY-1	TMSOL	TMSOL_batch24a	NWD220365	171220_E00538_0173_BHGHJJCCXY_1	HGHJJCCXY-1.hgv.cram	NWD220365-HGHJJCCXY-1.hgv.cram	/stornext/snfs150/next-gen/Illumina/Instruments/E00538/171220_E00538_0173_BHGHJJCCXY/Results/Project_HGHJJCCXY/Sample_HGHJJCCXY-1	/stornext/snfs150/next-gen/Illumina/Instruments/E00538/171220_E00538_0173_BHGHJJCCXY/Results/Project_HGHJJCCXY/Sample_HGHJJCCXY-1/HGHJJCCXY-1.hgv.cram
HGHJJCCXY-5	TMSOL	TMSOL_batch24a	NWD954783	171220_E00538_0173_BHGHJJCCXY_5	HGHJJCCXY-5.hgv.cram	NWD954783-HGHJJCCXY-5.hgv.cram	/stornext/snfs150/next-gen/Illumina/Instruments/E00538/171220_E00538_0173_BHGHJJCCXY/Results/Project_HGHJJCCXY/Sample_HGHJJCCXY-5	/stornext/snfs150/next-gen/Illumina/Instruments/E00538/171220_E00538_0173_BHGHJJCCXY/Results/Project_HGHJJCCXY/Sample_HGHJJCCXY-5/HGHJJCCXY-5.hgv.cram
HGHJJCCXY-3	TMSOL	TMSOL_batch24a	NWD311770	171220_E00538_0173_BHGHJJCCXY_3	HGHJJCCXY-3.hgv.cram	NWD311770-HGHJJCCXY-3.hgv.cram	/stornext/snfs150/next-gen/Illumina/Instruments/E00538/171220_E00538_0173_BHGHJJCCXY/Results/Project_HGHJJCCXY/Sample_HGHJJCCXY-3	/stornext/snfs150/next-gen/Illumina/Instruments/E00538/171220_E00538_0173_BHGHJJCCXY/Results/Project_HGHJJCCXY/Sample_HGHJJCCXY-3/HGHJJCCXY-3.hgv.cram
HGTJMCCXY-5	TMSOL	TMSOL_batch24a	NWD523493	171225_ST-E00238_0629_AHGTJMCCXY_5	HGTJMCCXY-5.hgv.cram	NWD523493-HGTJMCCXY-5.hgv.cram	/stornext/snfs100/next-gen/Illumina/Instruments/E00238/171225_ST-E00238_0629_AHGTJMCCXY/Results/Project_HGTJMCCXY/Sample_HGTJMCCXY-5	/stornext/snfs100/next-gen/Illumina/Instruments/E00238/171225_ST-E00238_0629_AHGTJMCCXY/Results/Project_HGTJMCCXY/Sample_HGTJMCCXY-5/HGTJMCCXY-5.hgv.cram
HGTJMCCXY-4	TMSOL	TMSOL_batch24a	NWD359724	171225_ST-E00238_0629_AHGTJMCCXY_4	HGTJMCCXY-4.hgv.cram	NWD359724-HGTJMCCXY-4.hgv.cram	/stornext/snfs100/next-gen/Illumina/Instruments/E00238/171225_ST-E00238_0629_AHGTJMCCXY/Results/Project_HGTJMCCXY/Sample_HGTJMCCXY-4	/stornext/snfs100/next-gen/Illumina/Instruments/E00238/171225_ST-E00238_0629_AHGTJMCCXY/Results/Project_HGTJMCCXY/Sample_HGTJMCCXY-4/HGTJMCCXY-4.hgv.cram
HGTJMCCXY-7	TMSOL	TMSOL_batch24a	NWD589083	171225_ST-E00238_0629_AHGTJMCCXY_7	HGTJMCCXY-7.hgv.cram	NWD589083-HGTJMCCXY-7.hgv.cram	/stornext/snfs100/next-gen/Illumina/Instruments/E00238/171225_ST-E00238_0629_AHGTJMCCXY/Results/Project_HGTJMCCXY/Sample_HGTJMCCXY-7	/stornext/snfs100/next-gen/Illumina/Instruments/E00238/171225_ST-E00238_0629_AHGTJMCCXY/Results/Project_HGTJMCCXY/Sample_HGTJMCCXY-7/HGTJMCCXY-7.hgv.cram
HGTJMCCXY-3	TMSOL	TMSOL_batch24a	NWD272971	171225_ST-E00238_0629_AHGTJMCCXY_3	HGTJMCCXY-3.hgv.cram	NWD272971-HGTJMCCXY-3.hgv.cram	/stornext/snfs100/next-gen/Illumina/Instruments/E00238/171225_ST-E00238_0629_AHGTJMCCXY/Results/Project_HGTJMCCXY/Sample_HGTJMCCXY-3	/stornext/snfs100/next-gen/Illumina/Instruments/E00238/171225_ST-E00238_0629_AHGTJMCCXY/Results/Project_HGTJMCCXY/Sample_HGTJMCCXY-3/HGTJMCCXY-3.hgv.cram
HGTJMCCXY-6	TMSOL	TMSOL_batch24a	NWD534767	171225_ST-E00238_0629_AHGTJMCCXY_6	HGTJMCCXY-6.hgv.cram	NWD534767-HGTJMCCXY-6.hgv.cram	/stornext/snfs100/next-gen/Illumina/Instruments/E00238/171225_ST-E00238_0629_AHGTJMCCXY/Results/Project_HGTJMCCXY/Sample_HGTJMCCXY-6	/stornext/snfs100/next-gen/Illumina/Instruments/E00238/171225_ST-E00238_0629_AHGTJMCCXY/Results/Project_HGTJMCCXY/Sample_HGTJMCCXY-6/HGTJMCCXY-6.hgv.cram
HGTJMCCXY-8	TMSOL	TMSOL_batch24a	NWD650191	171225_ST-E00238_0629_AHGTJMCCXY_8	HGTJMCCXY-8.hgv.cram	NWD650191-HGTJMCCXY-8.hgv.cram	/stornext/snfs100/next-gen/Illumina/Instruments/E00238/171225_ST-E00238_0629_AHGTJMCCXY/Results/Project_HGTJMCCXY/Sample_HGTJMCCXY-8	/stornext/snfs100/next-gen/Illumina/Instruments/E00238/171225_ST-E00238_0629_AHGTJMCCXY/Results/Project_HGTJMCCXY/Sample_HGTJMCCXY-8/HGTJMCCXY-8.hgv.cram
